timestamp,noutputs,output[0],output[1],output[2],output[3],output[4],output[5],output[6],output[7],output[8],output[9],output[10],output[11],output[12],output[13],output[14],output[15]
1398990697,4,1687.108,1719.4552,1640.1803,1666.9185,nan,nan,nan,nan,nan,nan,nan,nan,nan,nan,nan,nan
1399093340,4,1673.3931,1723.056,1636.0883,1665.5227,nan,nan,nan,nan,nan,nan,nan,nan,nan,nan,nan,nan
1402175001,4,1673.8185,1715.654,1634.795,1678.0587,nan,nan,nan,nan,nan,nan,nan,nan,nan,nan,nan,nan
1402278927,4,1675.7283,1705.6578,1642.9695,1672.424,nan,nan,nan,nan,nan,nan,nan,nan,nan,nan,nan,nan
1402380707,4,1666.3159,1712.6667,1628.7819,1677.9485,nan,nan,nan,nan,nan,nan,nan,nan,nan,nan,nan,nan
1402478924,4,1683.1144,1707.3317,1644.3083,1669.2242,nan,nan,nan,nan,nan,nan,nan,nan,nan,nan,nan,nan
1402583727,4,1663.9319,1710.3129,1632.6769,1677.801,nan,nan,nan,nan,nan,nan,nan,nan,nan,nan,nan,nan
1402684901,4,1684.9622,1697.9615,1651.314,1670.3656,nan,nan,nan,nan,nan,nan,nan,nan,nan,nan,nan,nan
1402887727,4,1680.7964,1703.938,1642.602,1674.4254,nan,nan,nan,nan,nan,nan,nan,nan,nan,nan,nan,nan
1403088449,4,1677.3824,1707.2505,1642.5793,1676.2051,nan,nan,nan,nan,nan,nan,nan,nan,nan,nan,nan,nan
1403292451,4,1683.9324,1706.6462,1646.7026,1672.6677,nan,nan,nan,nan,nan,nan,nan,nan,nan,nan,nan,nan
1403392556,4,1676.767,1708.8832,1645.0757,1673.3258,nan,nan,nan,nan,nan,nan,nan,nan,nan,nan,nan,nan
1403497332,4,1686.4668,1703.9542,1642.424,1671.3595,nan,nan,nan,nan,nan,nan,nan,nan,nan,nan,nan,nan
1403597335,4,1681.8173,1707.4286,1641.3176,1676.7682,nan,nan,nan,nan,nan,nan,nan,nan,nan,nan,nan,nan
1403698180,4,1671.426,1713.52,1636.7689,1671.5228,nan,nan,nan,nan,nan,nan,nan,nan,nan,nan,nan,nan
1403801334,4,1682.0476,1712.6139,1634.8046,1672.581,nan,nan,nan,nan,nan,nan,nan,nan,nan,nan,nan,nan
1404002137,4,1685.025,1704.0269,1649.6028,1657.6711,nan,nan,nan,nan,nan,nan,nan,nan,nan,nan,nan,nan
1404106051,4,1679.8888,1716.8146,1637.7386,1664.8379,nan,nan,nan,nan,nan,nan,nan,nan,nan,nan,nan,nan
1404206141,4,1690.9777,1708.6907,1649.7694,1659.5433,nan,nan,nan,nan,nan,nan,nan,nan,nan,nan,nan,nan
1404306924,4,1678.179,1717.208,1638.1106,1671.9674,nan,nan,nan,nan,nan,nan,nan,nan,nan,nan,nan,nan
1404410924,4,1689.3331,1712.5403,1643.4551,1663.2844,nan,nan,nan,nan,nan,nan,nan,nan,nan,nan,nan,nan
1404510933,4,1682.9993,1719.1255,1637.0435,1664.4491,nan,nan,nan,nan,nan,nan,nan,nan,nan,nan,nan,nan
1404610930,4,1690.7854,1717.8517,1641.7017,1664.2839,nan,nan,nan,nan,nan,nan,nan,nan,nan,nan,nan,nan
1404714932,4,1683.4963,1714.8857,1639.9897,1659.108,nan,nan,nan,nan,nan,nan,nan,nan,nan,nan,nan,nan
1404815728,4,1689.137,1715.1267,1642.09,1663.3013,nan,nan,nan,nan,nan,nan,nan,nan,nan,nan,nan,nan
1404915727,4,1678.7363,1720.1871,1631.3704,1667.8339,nan,nan,nan,nan,nan,nan,nan,nan,nan,nan,nan,nan
1405119724,4,1683.027,1714.3524,1642.0514,1664.5117,nan,nan,nan,nan,nan,nan,nan,nan,nan,nan,nan,nan
1405325375,4,1692.671,1711.8992,1646.2688,1657.7821,nan,nan,nan,nan,nan,nan,nan,nan,nan,nan,nan,nan
1405424529,4,1684.0371,1712.4075,1647.1337,1658.9778,nan,nan,nan,nan,nan,nan,nan,nan,nan,nan,nan,nan
1405525395,4,1676.3518,1716.5845,1635.894,1668.4419,nan,nan,nan,nan,nan,nan,nan,nan,nan,nan,nan,nan
1405628728,4,1681.4016,1712.3816,1644.217,1667.4296,nan,nan,nan,nan,nan,nan,nan,nan,nan,nan,nan,nan
1405729455,4,1686.4124,1711.601,1648.1755,1664.1257,nan,nan,nan,nan,nan,nan,nan,nan,nan,nan,nan,nan
1405829346,4,1673.9692,1715.0891,1642.9017,1670.5251,nan,nan,nan,nan,nan,nan,nan,nan,nan,nan,nan,nan
1405933257,4,1679.9886,1710.4558,1648.408,1668.0515,nan,nan,nan,nan,nan,nan,nan,nan,nan,nan,nan,nan
1406033332,4,1675.8132,1715.6299,1637.6494,1677.0809,nan,nan,nan,nan,nan,nan,nan,nan,nan,nan,nan,nan
1406134045,4,1671.2068,1717.9075,1637.184,1674.6871,nan,nan,nan,nan,nan,nan,nan,nan,nan,nan,nan,nan
1406238156,4,1671.0287,1716.4496,1638.2646,1679.212,nan,nan,nan,nan,nan,nan,nan,nan,nan,nan,nan,nan
1406338682,4,1676.561,1719.5487,1634.704,1674.1675,nan,nan,nan,nan,nan,nan,nan,nan,nan,nan,nan,nan
1406438138,4,1688.9076,1705.9863,1652.4124,1660.9243,nan,nan,nan,nan,nan,nan,nan,nan,nan,nan,nan,nan
1406539129,4,1677.2458,1708.999,1646.3357,1670.661,nan,nan,nan,nan,nan,nan,nan,nan,nan,nan,nan,nan
1406742927,4,1681.5876,1710.2784,1649.0741,1667.8529,nan,nan,nan,nan,nan,nan,nan,nan,nan,nan,nan,nan
1406947094,4,1679.7927,1712.6024,1642.84,1669.6814,nan,nan,nan,nan,nan,nan,nan,nan,nan,nan,nan,nan
1407047726,4,1682.7836,1714.4723,1647.1864,1664.9421,nan,nan,nan,nan,nan,nan,nan,nan,nan,nan,nan,nan
1407151733,4,1679.9066,1706.1727,1646.5358,1668.7058,nan,nan,nan,nan,nan,nan,nan,nan,nan,nan,nan,nan
1407251724,4,1676.0623,1712.6938,1641.1233,1670.0223,nan,nan,nan,nan,nan,nan,nan,nan,nan,nan,nan,nan
1407351651,4,1674.2999,1716.3105,1639.9758,1673.0801,nan,nan,nan,nan,nan,nan,nan,nan,nan,nan,nan,nan
1407452541,4,1673.1736,1715.2972,1640.1093,1673.7717,nan,nan,nan,nan,nan,nan,nan,nan,nan,nan,nan,nan
1407556457,4,1670.4916,1714.9016,1641.6747,1672.8536,nan,nan,nan,nan,nan,nan,nan,nan,nan,nan,nan,nan
1407657363,4,1676.8291,1713.5404,1639.47,1671.2334,nan,nan,nan,nan,nan,nan,nan,nan,nan,nan,nan,nan
1407760544,4,1671.5914,1709.8074,1640.8981,1673.4371,nan,nan,nan,nan,nan,nan,nan,nan,nan,nan,nan,nan
1407860534,4,1676.2515,1707.121,1643.1554,1669.3812,nan,nan,nan,nan,nan,nan,nan,nan,nan,nan,nan,nan
1407961262,4,1679.2545,1719.7952,1660.8025,1660.7043,nan,nan,nan,nan,nan,nan,nan,nan,nan,nan,nan,nan
1408061334,4,1678.5485,1715.1428,1647.4976,1669.8292,nan,nan,nan,nan,nan,nan,nan,nan,nan,nan,nan,nan
1408166107,4,1682.5092,1709.3336,1648.9996,1665.4691,nan,nan,nan,nan,nan,nan,nan,nan,nan,nan,nan,nan
1408265334,4,1673.9741,1716.7489,1639.284,1671.8927,nan,nan,nan,nan,nan,nan,nan,nan,nan,nan,nan,nan
1408367649,4,1675.0826,1718.6647,1635.5847,1670.1055,nan,nan,nan,nan,nan,nan,nan,nan,nan,nan,nan,nan
1408471292,4,1673.7366,1715.5918,1639.8073,1672.5028,nan,nan,nan,nan,nan,nan,nan,nan,nan,nan,nan,nan
1408570054,4,1677.5183,1714.8376,1632.3374,1675.9963,nan,nan,nan,nan,nan,nan,nan,nan,nan,nan,nan,nan
1408674158,4,1671.8995,1719.08,1639.8029,1674.9707,nan,nan,nan,nan,nan,nan,nan,nan,nan,nan,nan,nan
1408774846,4,1670.938,1713.5187,1636.7485,1670.5724,nan,nan,nan,nan,nan,nan,nan,nan,nan,nan,nan,nan
1408874984,4,1680.9829,1706.2517,1647.2343,1666.6117,nan,nan,nan,nan,nan,nan,nan,nan,nan,nan,nan,nan
1408975476,4,1679.3503,1706.4141,1645.4142,1666.4785,nan,nan,nan,nan,nan,nan,nan,nan,nan,nan,nan,nan
1409078934,4,1681.7761,1699.0709,1658.0502,1660.9149,nan,nan,nan,nan,nan,nan,nan,nan,nan,nan,nan,nan
1409178935,4,1671.0157,1706.8578,1640.3724,1670.017,nan,nan,nan,nan,nan,nan,nan,nan,nan,nan,nan,nan
1409279746,4,1668.3411,1717.1967,1632.886,1676.8282,nan,nan,nan,nan,nan,nan,nan,nan,nan,nan,nan,nan
1409383743,4,1672.8822,1713.3121,1639.9342,1669.4451,nan,nan,nan,nan,nan,nan,nan,nan,nan,nan,nan,nan
1409485093,4,1683.8391,1712.1619,1647.5117,1653.738,nan,nan,nan,nan,nan,nan,nan,nan,nan,nan,nan,nan
1409587745,4,1684.6016,1729.4955,1639.4252,1663.8623,nan,nan,nan,nan,nan,nan,nan,nan,nan,nan,nan,nan
1409692540,4,1684.7432,1715.9274,1630.3042,1659.8752,nan,nan,nan,nan,nan,nan,nan,nan,nan,nan,nan,nan
1409794150,4,1698.8939,1716.2742,1640.9874,1651.6814,nan,nan,nan,nan,nan,nan,nan,nan,nan,nan,nan,nan
1409892527,4,1689.5652,1716.8795,1631.8146,1660.6108,nan,nan,nan,nan,nan,nan,nan,nan,nan,nan,nan,nan
1409996554,4,1690.5469,1726.2928,1634.2958,1655.5671,nan,nan,nan,nan,nan,nan,nan,nan,nan,nan,nan,nan
1410097571,4,1692.7343,1728.329,1625.4736,1654.203,nan,nan,nan,nan,nan,nan,nan,nan,nan,nan,nan,nan
1410197335,4,1692.5103,1725.342,1631.952,1653.5377,nan,nan,nan,nan,nan,nan,nan,nan,nan,nan,nan,nan
1410301350,4,1692.1537,1721.0591,1629.7495,1656.9108,nan,nan,nan,nan,nan,nan,nan,nan,nan,nan,nan,nan
1410401338,4,1690.8986,1741.8119,1612.4995,1674.8062,nan,nan,nan,nan,nan,nan,nan,nan,nan,nan,nan,nan
1410502139,4,1691.1317,1735.2748,1626.0538,1667.133,nan,nan,nan,nan,nan,nan,nan,nan,nan,nan,nan,nan
1410607004,4,1711.5759,1718.6765,1649.5106,1653.8688,nan,nan,nan,nan,nan,nan,nan,nan,nan,nan,nan,nan
1410706137,4,1686.7799,1727.8016,1630.371,1658.1261,nan,nan,nan,nan,nan,nan,nan,nan,nan,nan,nan,nan
1410806141,4,1691.9567,1722.652,1638.6259,1659.0577,nan,nan,nan,nan,nan,nan,nan,nan,nan,nan,nan,nan
1410906135,4,1696.8829,1721.1976,1628.6505,1665.0524,nan,nan,nan,nan,nan,nan,nan,nan,nan,nan,nan,nan
1411111804,4,1687.847,1729.0677,1624.2001,1667.3818,nan,nan,nan,nan,nan,nan,nan,nan,nan,nan,nan,nan
1411214925,4,1686.8374,1731.9261,1626.8141,1666.0138,nan,nan,nan,nan,nan,nan,nan,nan,nan,nan,nan,nan
1411314918,4,1691.2837,1731.4526,1626.6912,1662.3998,nan,nan,nan,nan,nan,nan,nan,nan,nan,nan,nan,nan
1411414929,4,1699.4603,1725.4335,1630.7317,1649.8073,nan,nan,nan,nan,nan,nan,nan,nan,nan,nan,nan,nan
1411619652,4,1693.8713,1734.0538,1611.5844,1655.8093,nan,nan,nan,nan,nan,nan,nan,nan,nan,nan,nan,nan
1411719988,4,1693.9012,1739.4644,1611.4163,1658.0177,nan,nan,nan,nan,nan,nan,nan,nan,nan,nan,nan,nan
1411823727,4,1706.5159,1731.7373,1628.7632,1638.39,nan,nan,nan,nan,nan,nan,nan,nan,nan,nan,nan,nan
1411925693,4,1714.563,1734.537,1622.6625,1643.1486,nan,nan,nan,nan,nan,nan,nan,nan,nan,nan,nan,nan
1412024535,4,1701.3739,1734.9548,1607.3839,1648.7665,nan,nan,nan,nan,nan,nan,nan,nan,nan,nan,nan,nan
1412128541,4,1707.4397,1738.1208,1616.1459,1637.8331,nan,nan,nan,nan,nan,nan,nan,nan,nan,nan,nan,nan
1412228450,4,1706.8313,1731.3083,1608.8104,1648.1113,nan,nan,nan,nan,nan,nan,nan,nan,nan,nan,nan,nan
1412329336,4,1702.2578,1738.8191,1609.7026,1644.3522,nan,nan,nan,nan,nan,nan,nan,nan,nan,nan,nan,nan
1412430464,4,1711.2809,1738.5175,1611.8563,1642.3528,nan,nan,nan,nan,nan,nan,nan,nan,nan,nan,nan,nan
1412533383,4,1710.1156,1731.0077,1620.7996,1636.1979,nan,nan,nan,nan,nan,nan,nan,nan,nan,nan,nan,nan
1412633336,4,1716.7461,1733.4355,1626.5807,1629.9363,nan,nan,nan,nan,nan,nan,nan,nan,nan,nan,nan,nan
1412738180,4,1708.9847,1739.2979,1617.9843,1644.745,nan,nan,nan,nan,nan,nan,nan,nan,nan,nan,nan,nan
1412838045,4,1715.5643,1731.7721,1626.967,1631.2268,nan,nan,nan,nan,nan,nan,nan,nan,nan,nan,nan,nan
1412939331,4,1707.1776,1740.3691,1615.5662,1645.4432,nan,nan,nan,nan,nan,nan,nan,nan,nan,nan,nan,nan
1413042152,4,1712.5568,1739.5018,1615.5521,1652.5492,nan,nan,nan,nan,nan,nan,nan,nan,nan,nan,nan,nan
1413146324,4,1713.9768,1733.7728,1620.5876,1646.8895,nan,nan,nan,nan,nan,nan,nan,nan,nan,nan,nan,nan
1413246928,4,1696.502,1738.9115,1610.3037,1654.9332,nan,nan,nan,nan,nan,nan,nan,nan,nan,nan,nan,nan
1413347093,4,1700.9114,1737.9304,1615.4137,1656.7333,nan,nan,nan,nan,nan,nan,nan,nan,nan,nan,nan,nan
1413450926,4,1698.691,1732.8912,1620.8923,1651.5806,nan,nan,nan,nan,nan,nan,nan,nan,nan,nan,nan,nan
1413550967,4,1703.642,1730.1663,1633.1548,1644.3517,nan,nan,nan,nan,nan,nan,nan,nan,nan,nan,nan,nan
1413651727,4,1696.4456,1739.8959,1609.7734,1655.9503,nan,nan,nan,nan,nan,nan,nan,nan,nan,nan,nan,nan
1413755928,4,1712.0852,1726.869,1621.6481,1652.4237,nan,nan,nan,nan,nan,nan,nan,nan,nan,nan,nan,nan
1413855728,4,1695.3702,1726.3212,1615.5677,1654.5062,nan,nan,nan,nan,nan,nan,nan,nan,nan,nan,nan,nan
1413955734,4,1705.8652,1721.0756,1628.4521,1649.699,nan,nan,nan,nan,nan,nan,nan,nan,nan,nan,nan,nan
1414061132,4,1694.5387,1727.061,1623.9728,1652.5793,nan,nan,nan,nan,nan,nan,nan,nan,nan,nan,nan,nan
1414160527,4,1692.5753,1726.583,1616.2831,1656.938,nan,nan,nan,nan,nan,nan,nan,nan,nan,nan,nan,nan
1414260455,4,1687.1049,1733.7247,1622.222,1656.3574,nan,nan,nan,nan,nan,nan,nan,nan,nan,nan,nan,nan
1414364529,4,1695.6476,1730.4142,1622.759,1656.3894,nan,nan,nan,nan,nan,nan,nan,nan,nan,nan,nan,nan
1414464453,4,1697.2079,1725.9006,1619.8384,1657.0253,nan,nan,nan,nan,nan,nan,nan,nan,nan,nan,nan,nan
1414566181,4,1703.3795,1725.7817,1629.1978,1650.5234,nan,nan,nan,nan,nan,nan,nan,nan,nan,nan,nan,nan
1414669258,4,1703.8951,1727.2285,1628.582,1650.9287,nan,nan,nan,nan,nan,nan,nan,nan,nan,nan,nan,nan
1414769338,4,1688.5139,1728.9886,1617.9059,1656.9917,nan,nan,nan,nan,nan,nan,nan,nan,nan,nan,nan,nan
1414869285,4,1702.9818,1719.0931,1628.3251,1655.7218,nan,nan,nan,nan,nan,nan,nan,nan,nan,nan,nan,nan
1414974056,4,1699.2676,1720.2301,1628.3354,1660.9692,nan,nan,nan,nan,nan,nan,nan,nan,nan,nan,nan,nan
1415074877,4,1686.6338,1726.8844,1619.6047,1664.3369,nan,nan,nan,nan,nan,nan,nan,nan,nan,nan,nan,nan
1415174131,4,1695.1934,1722.0669,1627.5765,1657.5245,nan,nan,nan,nan,nan,nan,nan,nan,nan,nan,nan,nan
1415278136,4,1696.0216,1717.2942,1633.4448,1653.5553,nan,nan,nan,nan,nan,nan,nan,nan,nan,nan,nan,nan
1415379897,4,1698.1204,1719.2128,1625.6162,1661.3108,nan,nan,nan,nan,nan,nan,nan,nan,nan,nan,nan,nan
1415478928,4,1689.401,1724.4586,1623.5243,1657.933,nan,nan,nan,nan,nan,nan,nan,nan,nan,nan,nan,nan
1415582946,4,1697.8685,1720.3715,1630.0604,1655.0189,nan,nan,nan,nan,nan,nan,nan,nan,nan,nan,nan,nan
1415682931,4,1688.3007,1731.1884,1620.0433,1664.2155,nan,nan,nan,nan,nan,nan,nan,nan,nan,nan,nan,nan
1415783656,4,1694.3864,1722.2719,1623.9237,1658.728,nan,nan,nan,nan,nan,nan,nan,nan,nan,nan,nan,nan
1415887735,4,1691.0481,1726.0876,1627.2375,1657.4259,nan,nan,nan,nan,nan,nan,nan,nan,nan,nan,nan,nan
1415987735,4,1687.537,1726.3337,1618.2577,1656.5264,nan,nan,nan,nan,nan,nan,nan,nan,nan,nan,nan,nan
1416087727,4,1694.2991,1723.9307,1627.4963,1657.5842,nan,nan,nan,nan,nan,nan,nan,nan,nan,nan,nan,nan
1416192186,4,1692.5015,1718.1644,1632.7842,1657.552,nan,nan,nan,nan,nan,nan,nan,nan,nan,nan,nan,nan
1416292465,4,1681.3713,1727.7827,1617.3445,1663.9781,nan,nan,nan,nan,nan,nan,nan,nan,nan,nan,nan,nan
1416393432,4,1692.5782,1715.7408,1622.2516,1662.5695,nan,nan,nan,nan,nan,nan,nan,nan,nan,nan,nan,nan
1416496546,4,1702.2211,1718.605,1635.9056,1652.1211,nan,nan,nan,nan,nan,nan,nan,nan,nan,nan,nan,nan
1416596453,4,1692.2517,1726.8495,1622.2349,1659.1732,nan,nan,nan,nan,nan,nan,nan,nan,nan,nan,nan,nan
1416696450,4,1699.0381,1719.124,1631.718,1652.4609,nan,nan,nan,nan,nan,nan,nan,nan,nan,nan,nan,nan
1416797334,4,1691.1614,1724.331,1619.0514,1655.5896,nan,nan,nan,nan,nan,nan,nan,nan,nan,nan,nan,nan
1416901297,4,1690.0498,1728.0416,1620.8303,1657.681,nan,nan,nan,nan,nan,nan,nan,nan,nan,nan,nan,nan
1417001335,4,1700.1732,1721.5426,1631.6272,1655.6553,nan,nan,nan,nan,nan,nan,nan,nan,nan,nan,nan,nan
1417102150,4,1688.6316,1731.4308,1623.2432,1657.1147,nan,nan,nan,nan,nan,nan,nan,nan,nan,nan,nan,nan
1417206669,4,1687.0326,1727.854,1617.1848,1663.8792,nan,nan,nan,nan,nan,nan,nan,nan,nan,nan,nan,nan
1417306137,4,1691.9851,1721.4119,1627.614,1658.5679,nan,nan,nan,nan,nan,nan,nan,nan,nan,nan,nan,nan
1417410157,4,1701.9994,1720.2123,1635.1302,1647.7139,nan,nan,nan,nan,nan,nan,nan,nan,nan,nan,nan,nan
1417510047,4,1694.7328,1726.9072,1623.8724,1657.9924,nan,nan,nan,nan,nan,nan,nan,nan,nan,nan,nan,nan
1417611017,4,1695.7068,1723.0383,1629.6451,1654.5958,nan,nan,nan,nan,nan,nan,nan,nan,nan,nan,nan,nan
1417711700,4,1691.6594,1733.5565,1635.4375,1649.874,nan,nan,nan,nan,nan,nan,nan,nan,nan,nan,nan,nan
1417814932,4,1699.5105,1729.9707,1629.2627,1661.8557,nan,nan,nan,nan,nan,nan,nan,nan,nan,nan,nan,nan
1417914926,4,1712.5048,1717.4982,1631.6224,1663.4751,nan,nan,nan,nan,nan,nan,nan,nan,nan,nan,nan,nan
1418015733,4,1698.0818,1722.3391,1624.4048,1659.0813,nan,nan,nan,nan,nan,nan,nan,nan,nan,nan,nan,nan
1418119924,4,1685.8011,1731.9076,1621.3857,1662.684,nan,nan,nan,nan,nan,nan,nan,nan,nan,nan,nan,nan
1418220647,4,1681.9196,1725.7059,1624.1061,1663.9446,nan,nan,nan,nan,nan,nan,nan,nan,nan,nan,nan,nan
1418323739,4,1694.2734,1720.2295,1637.2463,1652.0619,nan,nan,nan,nan,nan,nan,nan,nan,nan,nan,nan,nan
1418427656,4,1685.2701,1722.0083,1633.0607,1651.2002,nan,nan,nan,nan,nan,nan,nan,nan,nan,nan,nan,nan
1418529345,4,1682.0518,1727.2719,1624.9333,1656.0348,nan,nan,nan,nan,nan,nan,nan,nan,nan,nan,nan,nan
1418628537,4,1695.7797,1717.9531,1637.5427,1649.9862,nan,nan,nan,nan,nan,nan,nan,nan,nan,nan,nan,nan
1418732451,4,1687.4454,1729.3966,1627.2968,1658.4159,nan,nan,nan,nan,nan,nan,nan,nan,nan,nan,nan,nan
1418833404,4,1678.064,1733.1708,1615.7673,1664.6516,nan,nan,nan,nan,nan,nan,nan,nan,nan,nan,nan,nan
1418933332,4,1692.6991,1726.4343,1627.9066,1659.333,nan,nan,nan,nan,nan,nan,nan,nan,nan,nan,nan,nan
1419037258,4,1697.9257,1724.5756,1633.8132,1651.1719,nan,nan,nan,nan,nan,nan,nan,nan,nan,nan,nan,nan
1419137261,4,1690.0541,1725.3369,1631.2573,1655.6595,nan,nan,nan,nan,nan,nan,nan,nan,nan,nan,nan,nan
1419237366,4,1691.922,1727.2532,1633.7626,1655.881,nan,nan,nan,nan,nan,nan,nan,nan,nan,nan,nan,nan
1419342151,4,1676.672,1728.5624,1627.7427,1671.3345,nan,nan,nan,nan,nan,nan,nan,nan,nan,nan,nan,nan
1419442135,4,1681.3896,1721.2847,1636.6946,1662.9907,nan,nan,nan,nan,nan,nan,nan,nan,nan,nan,nan,nan
1419542051,4,1672.8638,1722.3279,1632.5238,1666.7339,nan,nan,nan,nan,nan,nan,nan,nan,nan,nan,nan,nan
1419646054,4,1682.2864,1724.3156,1641.1349,1665.82,nan,nan,nan,nan,nan,nan,nan,nan,nan,nan,nan,nan
1419746941,4,1678.8877,1726.7808,1639.4971,1665.2292,nan,nan,nan,nan,nan,nan,nan,nan,nan,nan,nan,nan
1419847815,4,1677.2482,1723.4385,1636.3837,1666.281,nan,nan,nan,nan,nan,nan,nan,nan,nan,nan,nan,nan
1419950927,4,1677.7034,1716.3959,1637.1648,1661.2064,nan,nan,nan,nan,nan,nan,nan,nan,nan,nan,nan,nan
1420050861,4,1683.4729,1717.7749,1639.9618,1662.5238,nan,nan,nan,nan,nan,nan,nan,nan,nan,nan,nan,nan
1420150939,4,1671.8375,1728.1908,1633.949,1666.2244,nan,nan,nan,nan,nan,nan,nan,nan,nan,nan,nan,nan
1420255652,4,1687.08,1716.7117,1638.302,1657.7769,nan,nan,nan,nan,nan,nan,nan,nan,nan,nan,nan,nan
1420355728,4,1689.5905,1721.8446,1642.0792,1656.2668,nan,nan,nan,nan,nan,nan,nan,nan,nan,nan,nan,nan
1420455727,4,1689.9694,1722.7366,1640.3368,1656.1355,nan,nan,nan,nan,nan,nan,nan,nan,nan,nan,nan,nan
1420555726,4,1683.5615,1727.9182,1633.5154,1655.0198,nan,nan,nan,nan,nan,nan,nan,nan,nan,nan,nan,nan
1420661675,4,1681.0668,1719.2842,1634.8835,1647.2822,nan,nan,nan,nan,nan,nan,nan,nan,nan,nan,nan,nan
1420760452,4,1694.9365,1714.6323,1644.3772,1644.6166,nan,nan,nan,nan,nan,nan,nan,nan,nan,nan,nan,nan
1420864545,4,1690.6134,1724.9718,1628.5781,1652.8042,nan,nan,nan,nan,nan,nan,nan,nan,nan,nan,nan,nan
1420964530,4,1687.557,1720.3969,1632.4323,1649.9795,nan,nan,nan,nan,nan,nan,nan,nan,nan,nan,nan,nan
1421065343,4,1690.296,1726.4017,1627.2173,1655.4016,nan,nan,nan,nan,nan,nan,nan,nan,nan,nan,nan,nan
1421166248,4,1686.121,1726.3066,1629.971,1650.5448,nan,nan,nan,nan,nan,nan,nan,nan,nan,nan,nan,nan
1421269374,4,1687.5016,1730.6097,1622.3198,1663.713,nan,nan,nan,nan,nan,nan,nan,nan,nan,nan,nan,nan
1421369349,4,1692.2792,1725.8022,1621.612,1656.0553,nan,nan,nan,nan,nan,nan,nan,nan,nan,nan,nan,nan
1421474932,4,1701.5234,1722.132,1635.5149,1644.4385,nan,nan,nan,nan,nan,nan,nan,nan,nan,nan,nan,nan
1421574260,4,1694.8429,1726.8385,1627.2253,1651.6765,nan,nan,nan,nan,nan,nan,nan,nan,nan,nan,nan,nan
1421674140,4,1701.7949,1719.8912,1630.6941,1650.8864,nan,nan,nan,nan,nan,nan,nan,nan,nan,nan,nan,nan
1421778153,4,1700.5404,1722.68,1627.8112,1650.9023,nan,nan,nan,nan,nan,nan,nan,nan,nan,nan,nan,nan
1421878045,4,1686.4298,1736.1139,1624.9196,1650.8153,nan,nan,nan,nan,nan,nan,nan,nan,nan,nan,nan,nan
1421980122,4,1702.4845,1720.6086,1627.06,1655.4083,nan,nan,nan,nan,nan,nan,nan,nan,nan,nan,nan,nan
1422078855,4,1694.6857,1725.2968,1621.4059,1651.5165,nan,nan,nan,nan,nan,nan,nan,nan,nan,nan,nan,nan
1422183182,4,1686.3922,1725.8634,1622.8259,1656.0989,nan,nan,nan,nan,nan,nan,nan,nan,nan,nan,nan,nan
1422282927,4,1692.4052,1721.8029,1629.4232,1657.7401,nan,nan,nan,nan,nan,nan,nan,nan,nan,nan,nan,nan
1422383931,4,1685.007,1725.0564,1618.9956,1658.8037,nan,nan,nan,nan,nan,nan,nan,nan,nan,nan,nan,nan
1422487929,4,1681.1085,1721.9839,1623.8013,1659.6978,nan,nan,nan,nan,nan,nan,nan,nan,nan,nan,nan,nan
1422587652,4,1689.7797,1719.5844,1632.4243,1659.9835,nan,nan,nan,nan,nan,nan,nan,nan,nan,nan,nan,nan
1422691662,4,1681.9691,1724.0841,1656.6849,1635.0093,nan,nan,nan,nan,nan,nan,nan,nan,nan,nan,nan,nan
1422792472,4,1682.5413,1730.9489,1635.8837,1664.815,nan,nan,nan,nan,nan,nan,nan,nan,nan,nan,nan,nan
1422892526,4,1685.7278,1724.0604,1630.6111,1664.4225,nan,nan,nan,nan,nan,nan,nan,nan,nan,nan,nan,nan
1422993130,4,1687.4459,1720.835,1637.3702,1659.1226,nan,nan,nan,nan,nan,nan,nan,nan,nan,nan,nan,nan
1423096544,4,1681.8906,1722.9995,1635.0947,1657.611,nan,nan,nan,nan,nan,nan,nan,nan,nan,nan,nan,nan
1423196459,4,1684.2583,1722.1185,1639.9479,1653.7417,nan,nan,nan,nan,nan,nan,nan,nan,nan,nan,nan,nan
1423297277,4,1679.652,1722.7307,1634.2893,1657.8243,nan,nan,nan,nan,nan,nan,nan,nan,nan,nan,nan,nan
1423401260,4,1676.8528,1728.2579,1627.1093,1667.4984,nan,nan,nan,nan,nan,nan,nan,nan,nan,nan,nan,nan
1423501334,4,1668.9624,1727.7351,1617.5652,1665.2899,nan,nan,nan,nan,nan,nan,nan,nan,nan,nan,nan,nan
1423605452,4,1679.0748,1727.029,1632.8848,1658.5272,nan,nan,nan,nan,nan,nan,nan,nan,nan,nan,nan,nan
1423706136,4,1687.1381,1719.9622,1631.7184,1656.8241,nan,nan,nan,nan,nan,nan,nan,nan,nan,nan,nan,nan
1423806909,4,1680.5077,1721.8752,1634.1974,1661.1521,nan,nan,nan,nan,nan,nan,nan,nan,nan,nan,nan,nan
1423906056,4,1674.03,1726.1495,1618.9808,1665.476,nan,nan,nan,nan,nan,nan,nan,nan,nan,nan,nan,nan
1424010138,4,1676.3492,1717.6133,1628.5985,1662.152,nan,nan,nan,nan,nan,nan,nan,nan,nan,nan,nan,nan
1424110928,4,1676.5115,1718.7474,1631.2247,1662.7249,nan,nan,nan,nan,nan,nan,nan,nan,nan,nan,nan,nan
1424211184,4,1676.965,1720.4622,1628.498,1663.9523,nan,nan,nan,nan,nan,nan,nan,nan,nan,nan,nan,nan
1424314929,4,1678.5621,1717.7107,1629.8163,1662.0914,nan,nan,nan,nan,nan,nan,nan,nan,nan,nan,nan,nan
1424414926,4,1680.2302,1713.2317,1642.8939,1652.7915,nan,nan,nan,nan,nan,nan,nan,nan,nan,nan,nan,nan
1424515729,4,1673.9899,1716.2278,1635.2908,1667.3712,nan,nan,nan,nan,nan,nan,nan,nan,nan,nan,nan,nan
1424620879,4,1683.0365,1712.3064,1637.478,1660.9727,nan,nan,nan,nan,nan,nan,nan,nan,nan,nan,nan,nan
1424719725,4,1679.8501,1719.4778,1637.2205,1663.8446,nan,nan,nan,nan,nan,nan,nan,nan,nan,nan,nan,nan
1424821100,4,1677.6715,1721.1344,1635.864,1667.1903,nan,nan,nan,nan,nan,nan,nan,nan,nan,nan,nan,nan
1424925904,4,1680.4363,1712.8116,1639.3633,1664.4056,nan,nan,nan,nan,nan,nan,nan,nan,nan,nan,nan,nan
1425024534,4,1678.2657,1716.7991,1629.8716,1670.897,nan,nan,nan,nan,nan,nan,nan,nan,nan,nan,nan,nan
1425125703,4,1680.6764,1719.5144,1630.697,1666.308,nan,nan,nan,nan,nan,nan,nan,nan,nan,nan,nan,nan
1425228536,4,1675.5756,1709.9022,1622.0648,1675.4666,nan,nan,nan,nan,nan,nan,nan,nan,nan,nan,nan,nan
1425328453,4,1680.8275,1714.5793,1638.0807,1667.0005,nan,nan,nan,nan,nan,nan,nan,nan,nan,nan,nan,nan
1425429339,4,1680.2675,1720.9073,1641.9576,1660.692,nan,nan,nan,nan,nan,nan,nan,nan,nan,nan,nan,nan
1425533350,4,1667.847,1723.781,1627.7421,1668.378,nan,nan,nan,nan,nan,nan,nan,nan,nan,nan,nan,nan
1425634196,4,1677.2118,1717.7197,1633.127,1663.4401,nan,nan,nan,nan,nan,nan,nan,nan,nan,nan,nan,nan
1425734047,4,1676.8597,1720.0585,1634.7063,1666.3821,nan,nan,nan,nan,nan,nan,nan,nan,nan,nan,nan,nan
1425838145,4,1677.1146,1716.3467,1637.12,1667.3239,nan,nan,nan,nan,nan,nan,nan,nan,nan,nan,nan,nan
1425938802,4,1668.7808,1726.8649,1638.9249,1669.4419,nan,nan,nan,nan,nan,nan,nan,nan,nan,nan,nan,nan
1426038139,4,1665.2554,1721.7056,1636.3053,1663.4141,nan,nan,nan,nan,nan,nan,nan,nan,nan,nan,nan,nan
1426142140,4,1670.4518,1722.8582,1627.2567,1674.3973,nan,nan,nan,nan,nan,nan,nan,nan,nan,nan,nan,nan
1426247960,4,1675.6775,1711.8191,1637.2981,1667.6421,nan,nan,nan,nan,nan,nan,nan,nan,nan,nan,nan,nan
1426346928,4,1680.2756,1711.1975,1638.9285,1672.8967,nan,nan,nan,nan,nan,nan,nan,nan,nan,nan,nan,nan
1426448100,4,1668.8176,1723.3827,1634.5509,1674.4972,nan,nan,nan,nan,nan,nan,nan,nan,nan,nan,nan,nan
1426550847,4,1675.7255,1711.4489,1644.8474,1669.1567,nan,nan,nan,nan,nan,nan,nan,nan,nan,nan,nan,nan
1426651734,4,1671.7563,1722.1655,1637.9868,1682.7222,nan,nan,nan,nan,nan,nan,nan,nan,nan,nan,nan,nan
1426751743,4,1662.4531,1722.5321,1637.96,1672.8818,nan,nan,nan,nan,nan,nan,nan,nan,nan,nan,nan,nan
1426855723,4,1662.1113,1719.5844,1654.2911,1664.242,nan,nan,nan,nan,nan,nan,nan,nan,nan,nan,nan,nan
1426955727,4,1670.186,1724.6733,1645.0533,1678.535,nan,nan,nan,nan,nan,nan,nan,nan,nan,nan,nan,nan
1427059931,4,1666.8368,1711.1798,1639.8386,1673.9658,nan,nan,nan,nan,nan,nan,nan,nan,nan,nan,nan,nan
1427160499,4,1678.3378,1713.6249,1642.5199,1679.2931,nan,nan,nan,nan,nan,nan,nan,nan,nan,nan,nan,nan
1427261231,4,1670.1573,1717.0316,1636.1001,1686.5032,nan,nan,nan,nan,nan,nan,nan,nan,nan,nan,nan,nan
1427360449,4,1662.6133,1717.2692,1630.4828,1679.8721,nan,nan,nan,nan,nan,nan,nan,nan,nan,nan,nan,nan
1427464536,4,1674.079,1716.2195,1635.5867,1680.2085,nan,nan,nan,nan,nan,nan,nan,nan,nan,nan,nan,nan
1427565911,4,1672.0349,1711.216,1632.3948,1676.2212,nan,nan,nan,nan,nan,nan,nan,nan,nan,nan,nan,nan
1427665278,4,1672.593,1725.371,1628.3737,1681.6389,nan,nan,nan,nan,nan,nan,nan,nan,nan,nan,nan,nan
1427769334,4,1669.6409,1723.6135,1629.1921,1680.4595,nan,nan,nan,nan,nan,nan,nan,nan,nan,nan,nan,nan
1427870046,4,1677.9099,1724.178,1636.9993,1674.1417,nan,nan,nan,nan,nan,nan,nan,nan,nan,nan,nan,nan
1427970051,4,1713.0443,1706.8734,1642.296,1670.6871,nan,nan,nan,nan,nan,nan,nan,nan,nan,nan,nan,nan
1428075056,4,1678.5293,1720.3582,1628.4652,1674.525,nan,nan,nan,nan,nan,nan,nan,nan,nan,nan,nan,nan
1428174137,4,1677.6907,1724.8202,1627.7655,1674.5837,nan,nan,nan,nan,nan,nan,nan,nan,nan,nan,nan,nan
1428275264,4,1677.3086,1724.1915,1625.8811,1678.2062,nan,nan,nan,nan,nan,nan,nan,nan,nan,nan,nan,nan
1428380051,4,1674.3693,1716.5189,1634.871,1672.0177,nan,nan,nan,nan,nan,nan,nan,nan,nan,nan,nan,nan
1428478845,4,1668.7689,1724.7108,1626.4862,1678.7561,nan,nan,nan,nan,nan,nan,nan,nan,nan,nan,nan,nan
1428580033,4,1676.5883,1722.9723,1629.3945,1682.0255,nan,nan,nan,nan,nan,nan,nan,nan,nan,nan,nan,nan
1428682924,4,1677.4108,1719.7566,1635.5917,1677.1008,nan,nan,nan,nan,nan,nan,nan,nan,nan,nan,nan,nan
1428783679,4,1676.4547,1714.0337,1644.6315,1670.1453,nan,nan,nan,nan,nan,nan,nan,nan,nan,nan,nan,nan
1428883647,4,1668.1783,1717.9476,1633.2358,1677.125,nan,nan,nan,nan,nan,nan,nan,nan,nan,nan,nan,nan
1428987724,4,1673.5918,1719.1992,1636.0404,1675.9474,nan,nan,nan,nan,nan,nan,nan,nan,nan,nan,nan,nan
1429087652,4,1674.6064,1713.1276,1637.9962,1674.4994,nan,nan,nan,nan,nan,nan,nan,nan,nan,nan,nan,nan
1429188529,4,1680.9014,1711.3362,1636.3173,1675.7245,nan,nan,nan,nan,nan,nan,nan,nan,nan,nan,nan,nan
1429292544,4,1675.812,1708.9698,1642.4617,1665.0968,nan,nan,nan,nan,nan,nan,nan,nan,nan,nan,nan,nan
1429393111,4,1668.3839,1715.1791,1638.5466,1667.6038,nan,nan,nan,nan,nan,nan,nan,nan,nan,nan,nan,nan
1429492528,4,1668.5269,1722.0106,1631.067,1674.9458,nan,nan,nan,nan,nan,nan,nan,nan,nan,nan,nan,nan
1429596473,4,1680.0503,1711.9181,1640.942,1665.3846,nan,nan,nan,nan,nan,nan,nan,nan,nan,nan,nan,nan
1429697344,4,1677.6951,1707.5424,1642.8401,1665.1788,nan,nan,nan,nan,nan,nan,nan,nan,nan,nan,nan,nan
1429797369,4,1665.4812,1715.1084,1624.7758,1676.7004,nan,nan,nan,nan,nan,nan,nan,nan,nan,nan,nan,nan
1429902888,4,1671.6904,1716.8815,1638.0133,1676.6866,nan,nan,nan,nan,nan,nan,nan,nan,nan,nan,nan,nan
1430005354,4,1679.073,1719.3306,1641.7598,1671.0338,nan,nan,nan,nan,nan,nan,nan,nan,nan,nan,nan,nan
1430106135,4,1681.5254,1715.6755,1641.0045,1667.9791,nan,nan,nan,nan,nan,nan,nan,nan,nan,nan,nan,nan
1430206590,4,1673.7969,1720.8827,1639.3068,1674.8888,nan,nan,nan,nan,nan,nan,nan,nan,nan,nan,nan,nan
1430410161,4,1684.7319,1712.1416,1643.2838,1667.8691,nan,nan,nan,nan,nan,nan,nan,nan,nan,nan,nan,nan
1430510928,4,1677.2617,1715.053,1638.1245,1666.9763,nan,nan,nan,nan,nan,nan,nan,nan,nan,nan,nan,nan
1430614930,4,1678.82,1716.5165,1633.5126,1669.2631,nan,nan,nan,nan,nan,nan,nan,nan,nan,nan,nan,nan
1430716556,4,1662.7759,1723.3004,1600.9492,1693.8044,nan,nan,nan,nan,nan,nan,nan,nan,nan,nan,nan,nan
1431019645,4,1684.3882,1709.2488,1649.4878,1664.6917,nan,nan,nan,nan,nan,nan,nan,nan,nan,nan,nan,nan
1431119925,4,1672.0491,1717.1943,1640.6073,1674.1096,nan,nan,nan,nan,nan,nan,nan,nan,nan,nan,nan,nan
1431223778,4,1679.7761,1708.4366,1650.1423,1667.1703,nan,nan,nan,nan,nan,nan,nan,nan,nan,nan,nan,nan
1431323727,4,1658.6381,1716.1259,1654.422,1665.6105,nan,nan,nan,nan,nan,nan,nan,nan,nan,nan,nan,nan
1431424533,4,1676.5316,1724.6334,1648.7908,1682.5101,nan,nan,nan,nan,nan,nan,nan,nan,nan,nan,nan,nan
1431529686,4,1674.0911,1710.3517,1642.9968,1678.5873,nan,nan,nan,nan,nan,nan,nan,nan,nan,nan,nan,nan
1431628636,4,1670.6375,1716.3538,1634.2466,1676.9219,nan,nan,nan,nan,nan,nan,nan,nan,nan,nan,nan,nan
1431730137,4,1676.6343,1713.5077,1636.8137,1671.9905,nan,nan,nan,nan,nan,nan,nan,nan,nan,nan,nan,nan
1431833329,4,1670.8668,1723.0359,1629.1365,1679.8573,nan,nan,nan,nan,nan,nan,nan,nan,nan,nan,nan,nan
1431933340,4,1676.0284,1715.5295,1629.4973,1668.872,nan,nan,nan,nan,nan,nan,nan,nan,nan,nan,nan,nan
1432034208,4,1689.7112,1703.1184,1646.3313,1660.4391,nan,nan,nan,nan,nan,nan,nan,nan,nan,nan,nan,nan
1432137333,4,1673.6588,1704.9789,1632.5095,1672.3828,nan,nan,nan,nan,nan,nan,nan,nan,nan,nan,nan,nan
1432238145,4,1675.7124,1707.8221,1634.7261,1666.2668,nan,nan,nan,nan,nan,nan,nan,nan,nan,nan,nan,nan
1432338137,4,1673.7986,1713.8707,1636.8922,1680.566,nan,nan,nan,nan,nan,nan,nan,nan,nan,nan,nan,nan
1432442137,4,1669.7999,1707.765,1626.5968,1687.3088,nan,nan,nan,nan,nan,nan,nan,nan,nan,nan,nan,nan
1432542929,4,1665.5658,1707.994,1638.2277,1681.9937,nan,nan,nan,nan,nan,nan,nan,nan,nan,nan,nan,nan
1432643125,4,1660.6213,1700.8104,1639.3014,1675.9435,nan,nan,nan,nan,nan,nan,nan,nan,nan,nan,nan,nan
1432746924,4,1658.8629,1714.6831,1659.0568,1678.1072,nan,nan,nan,nan,nan,nan,nan,nan,nan,nan,nan,nan
1432847795,4,1646.1561,1701.2081,1643.9055,1682.4363,nan,nan,nan,nan,nan,nan,nan,nan,nan,nan,nan,nan
1432946930,4,1653.3975,1701.8295,1641.4797,1681.9791,nan,nan,nan,nan,nan,nan,nan,nan,nan,nan,nan,nan
1433051730,4,1652.88,1692.47,1643.5964,1677.7477,nan,nan,nan,nan,nan,nan,nan,nan,nan,nan,nan,nan
1433156834,4,1652.124,1695.8671,1656.096,1678.0208,nan,nan,nan,nan,nan,nan,nan,nan,nan,nan,nan,nan
1433255645,4,1657.0758,1694.9528,1653.3776,1684.6042,nan,nan,nan,nan,nan,nan,nan,nan,nan,nan,nan,nan
1433359733,4,1645.5198,1703.8187,1650.169,1687.6937,nan,nan,nan,nan,nan,nan,nan,nan,nan,nan,nan,nan
1433460451,4,1655.98,1704.8564,1650.6959,1683.3704,nan,nan,nan,nan,nan,nan,nan,nan,nan,nan,nan,nan
1433560531,4,1683.9574,1690.6526,1667.9094,1697.1106,nan,nan,nan,nan,nan,nan,nan,nan,nan,nan,nan,nan
1433661921,4,1658.5919,1698.9427,1648.3191,1696.555,nan,nan,nan,nan,nan,nan,nan,nan,nan,nan,nan,nan
1433764530,4,1654.1565,1714.624,1654.843,1686.7976,nan,nan,nan,nan,nan,nan,nan,nan,nan,nan,nan,nan
1433865336,4,1673.4794,1702.5155,1655.9849,1687.8573,nan,nan,nan,nan,nan,nan,nan,nan,nan,nan,nan,nan
1433965357,4,1657.542,1702.6373,1655.9396,1684.6604,nan,nan,nan,nan,nan,nan,nan,nan,nan,nan,nan,nan
1434069254,4,1660.5251,1702.4612,1667.0977,1680.2555,nan,nan,nan,nan,nan,nan,nan,nan,nan,nan,nan,nan
1434169338,4,1651.1075,1704.4796,1657.1888,1686.9424,nan,nan,nan,nan,nan,nan,nan,nan,nan,nan,nan,nan
1434269255,4,1662.867,1698.5219,1655.8655,1685.8594,nan,nan,nan,nan,nan,nan,nan,nan,nan,nan,nan,nan
1434374136,4,1652.372,1709.3246,1641.3192,1691.3004,nan,nan,nan,nan,nan,nan,nan,nan,nan,nan,nan,nan
1434474150,4,1661.5786,1702.7004,1658.0992,1684.1305,nan,nan,nan,nan,nan,nan,nan,nan,nan,nan,nan,nan
1434574147,4,1656.6315,1703.8098,1651.2639,1690.205,nan,nan,nan,nan,nan,nan,nan,nan,nan,nan,nan,nan
1434678935,4,1659.2152,1700.1606,1656.6992,1690.8069,nan,nan,nan,nan,nan,nan,nan,nan,nan,nan,nan,nan
1434778924,4,1660.8073,1703.053,1656.0498,1687.744,nan,nan,nan,nan,nan,nan,nan,nan,nan,nan,nan,nan
1434878927,4,1655.2256,1696.9491,1650.7471,1685.9158,nan,nan,nan,nan,nan,nan,nan,nan,nan,nan,nan,nan
1434982866,4,1666.4409,1710.8412,1679.058,1668.4471,nan,nan,nan,nan,nan,nan,nan,nan,nan,nan,nan,nan
1435082845,4,1660.2521,1702.8024,1650.6461,1676.9509,nan,nan,nan,nan,nan,nan,nan,nan,nan,nan,nan,nan
1435183730,4,1670.6918,1708.7103,1648.7198,1679.0563,nan,nan,nan,nan,nan,nan,nan,nan,nan,nan,nan,nan
1435288603,4,1675.103,1692.8403,1627.13,1694.5566,nan,nan,nan,nan,nan,nan,nan,nan,nan,nan,nan,nan
1435387736,4,1682.8309,1702.1826,1644.3575,1676.4733,nan,nan,nan,nan,nan,nan,nan,nan,nan,nan,nan,nan
1435488599,4,1677.1638,1708.8127,1640.5597,1669.3502,nan,nan,nan,nan,nan,nan,nan,nan,nan,nan,nan,nan
1435592549,4,1673.4937,1707.9451,1637.9315,1667.0763,nan,nan,nan,nan,nan,nan,nan,nan,nan,nan,nan,nan
1435692459,4,1673.4381,1717.7233,1635.176,1665.3606,nan,nan,nan,nan,nan,nan,nan,nan,nan,nan,nan,nan
1435792528,4,1678.1841,1718.056,1628.6514,1669.3792,nan,nan,nan,nan,nan,nan,nan,nan,nan,nan,nan,nan
1435896527,4,1676.5167,1715.4537,1634.3519,1664.5052,nan,nan,nan,nan,nan,nan,nan,nan,nan,nan,nan,nan
1435997264,4,1672.6093,1718.7823,1629.5697,1665.8064,nan,nan,nan,nan,nan,nan,nan,nan,nan,nan,nan,nan
1436097266,4,1670.5728,1725.7416,1618.8507,1668.9539,nan,nan,nan,nan,nan,nan,nan,nan,nan,nan,nan,nan
1436201340,4,1681.7891,1725.1302,1626.0835,1664.2765,nan,nan,nan,nan,nan,nan,nan,nan,nan,nan,nan,nan
1436302760,4,1680.4426,1721.6659,1625.9359,1664.1394,nan,nan,nan,nan,nan,nan,nan,nan,nan,nan,nan,nan
1436402138,4,1677.688,1723.822,1628.8256,1660.469,nan,nan,nan,nan,nan,nan,nan,nan,nan,nan,nan,nan
1436506066,4,1683.6216,1721.1193,1636.1262,1654.527,nan,nan,nan,nan,nan,nan,nan,nan,nan,nan,nan,nan
1436606148,4,1682.9325,1720.9092,1632.3044,1663.6547,nan,nan,nan,nan,nan,nan,nan,nan,nan,nan,nan,nan
1436706135,4,1673.9757,1726.494,1623.3112,1663.8574,nan,nan,nan,nan,nan,nan,nan,nan,nan,nan,nan,nan
1436807770,4,1678.5199,1728.0646,1626.7751,1661.1854,nan,nan,nan,nan,nan,nan,nan,nan,nan,nan,nan,nan
1436910922,4,1693.3931,1719.3478,1642.8542,1647.764,nan,nan,nan,nan,nan,nan,nan,nan,nan,nan,nan,nan
1437010910,4,1683.9315,1723.4579,1636.5944,1655.3075,nan,nan,nan,nan,nan,nan,nan,nan,nan,nan,nan,nan
1437115949,4,1680.881,1724.7485,1631.2015,1661.1173,nan,nan,nan,nan,nan,nan,nan,nan,nan,nan,nan,nan
1437215744,4,1674.2115,1740.1948,1620.2142,1672.3585,nan,nan,nan,nan,nan,nan,nan,nan,nan,nan,nan,nan
1437316473,4,1679.7988,1733.0253,1632.968,1656.537,nan,nan,nan,nan,nan,nan,nan,nan,nan,nan,nan,nan
1437419653,4,1695.2424,1725.6282,1637.9073,1649.9265,nan,nan,nan,nan,nan,nan,nan,nan,nan,nan,nan,nan
1437519650,4,1691.3971,1729.1991,1626.8386,1653.1437,nan,nan,nan,nan,nan,nan,nan,nan,nan,nan,nan,nan
1437619725,4,1697.3572,1730.5288,1631.5985,1649.456,nan,nan,nan,nan,nan,nan,nan,nan,nan,nan,nan,nan
1437720543,4,1689.9746,1738.7224,1623.7344,1651.263,nan,nan,nan,nan,nan,nan,nan,nan,nan,nan,nan,nan
1437824455,4,1692.7424,1742.3628,1617.699,1653.075,nan,nan,nan,nan,nan,nan,nan,nan,nan,nan,nan,nan
1437924458,4,1701.3337,1737.3729,1625.6678,1648.154,nan,nan,nan,nan,nan,nan,nan,nan,nan,nan,nan,nan
1438028538,4,1701.5422,1738.2317,1628.9076,1639.9928,nan,nan,nan,nan,nan,nan,nan,nan,nan,nan,nan,nan
1438129283,4,1696.6283,1748.2612,1616.008,1647.0757,nan,nan,nan,nan,nan,nan,nan,nan,nan,nan,nan,nan
1438229332,4,1692.9569,1746.9178,1620.8513,1648.2917,nan,nan,nan,nan,nan,nan,nan,nan,nan,nan,nan,nan
1438329352,4,1704.4834,1735.1887,1625.3839,1639.5677,nan,nan,nan,nan,nan,nan,nan,nan,nan,nan,nan,nan
1438434579,4,1696.562,1738.7963,1617.2294,1648.2928,nan,nan,nan,nan,nan,nan,nan,nan,nan,nan,nan,nan
1438534045,4,1695.45,1739.9116,1613.7529,1647.0048,nan,nan,nan,nan,nan,nan,nan,nan,nan,nan,nan,nan
1438635296,4,1696.6006,1723.8665,1616.8079,1656.7235,nan,nan,nan,nan,nan,nan,nan,nan,nan,nan,nan,nan
1438738137,4,1687.4819,1741.2538,1620.8651,1658.8452,nan,nan,nan,nan,nan,nan,nan,nan,nan,nan,nan,nan
1438838140,4,1684.9933,1736.2151,1622.0818,1658.6996,nan,nan,nan,nan,nan,nan,nan,nan,nan,nan,nan,nan
1438939036,4,1675.7814,1742.2031,1632.355,1654.7307,nan,nan,nan,nan,nan,nan,nan,nan,nan,nan,nan,nan
1439042933,4,1687.3899,1725.986,1639.8011,1656.1833,nan,nan,nan,nan,nan,nan,nan,nan,nan,nan,nan,nan
1439143481,4,1680.6569,1721.9095,1638.1841,1661.5756,nan,nan,nan,nan,nan,nan,nan,nan,nan,nan,nan,nan
1439243095,4,1682.7881,1712.3867,1642.0444,1660.4519,nan,nan,nan,nan,nan,nan,nan,nan,nan,nan,nan,nan
1439347725,4,1663.5704,1724.56,1630.7354,1675.8735,nan,nan,nan,nan,nan,nan,nan,nan,nan,nan,nan,nan
1439448625,4,1671.6567,1719.9882,1640.5695,1670.4285,nan,nan,nan,nan,nan,nan,nan,nan,nan,nan,nan,nan
1439547734,4,1678.5366,1706.7656,1657.5737,1666.936,nan,nan,nan,nan,nan,nan,nan,nan,nan,nan,nan,nan
1439651728,4,1664.9069,1713.2585,1645.316,1674.1643,nan,nan,nan,nan,nan,nan,nan,nan,nan,nan,nan,nan
1439752531,4,1674.5566,1702.4673,1654.6659,1672.1182,nan,nan,nan,nan,nan,nan,nan,nan,nan,nan,nan,nan
1439852531,4,1667.6735,1703.1666,1656.5942,1673.0258,nan,nan,nan,nan,nan,nan,nan,nan,nan,nan,nan,nan
1439957665,4,1669.6458,1704.9464,1655.0875,1674.1387,nan,nan,nan,nan,nan,nan,nan,nan,nan,nan,nan,nan
1440056538,4,1659.7772,1712.1174,1649.197,1680.6974,nan,nan,nan,nan,nan,nan,nan,nan,nan,nan,nan,nan
1440157337,4,1671.2325,1706.5962,1654.0304,1673.7599,nan,nan,nan,nan,nan,nan,nan,nan,nan,nan,nan,nan
1440262184,4,1661.9852,1711.0837,1651.5597,1678.9875,nan,nan,nan,nan,nan,nan,nan,nan,nan,nan,nan,nan
1440361422,4,1670.148,1708.5577,1647.1025,1671.7112,nan,nan,nan,nan,nan,nan,nan,nan,nan,nan,nan,nan
1440461365,4,1679.0071,1704.9186,1661.9186,1665.2577,nan,nan,nan,nan,nan,nan,nan,nan,nan,nan,nan,nan
1440566152,4,1669.1389,1709.4906,1646.4806,1672.5151,nan,nan,nan,nan,nan,nan,nan,nan,nan,nan,nan,nan
1440666138,4,1671.583,1704.9414,1662.0377,1660.6146,nan,nan,nan,nan,nan,nan,nan,nan,nan,nan,nan,nan
1440766164,4,1670.8145,1710.7461,1654.0642,1666.5061,nan,nan,nan,nan,nan,nan,nan,nan,nan,nan,nan,nan
1440870929,4,1677.8733,1706.6141,1663.7861,1656.093,nan,nan,nan,nan,nan,nan,nan,nan,nan,nan,nan,nan
1440970848,4,1671.966,1705.648,1659.2313,1659.2915,nan,nan,nan,nan,nan,nan,nan,nan,nan,nan,nan,nan
1441070924,4,1664.7307,1710.2314,1643.7439,1668.2402,nan,nan,nan,nan,nan,nan,nan,nan,nan,nan,nan,nan
1441174845,4,1676.9724,1712.622,1656.4202,1660.7662,nan,nan,nan,nan,nan,nan,nan,nan,nan,nan,nan,nan
1441276112,4,1669.3267,1710.4602,1647.677,1671.3027,nan,nan,nan,nan,nan,nan,nan,nan,nan,nan,nan,nan
1441375658,4,1657.5331,1711.4927,1644.0801,1669.4164,nan,nan,nan,nan,nan,nan,nan,nan,nan,nan,nan,nan
1441479759,4,1675.3147,1711.382,1656.8503,1669.0354,nan,nan,nan,nan,nan,nan,nan,nan,nan,nan,nan,nan
1441579917,4,1671.1149,1709.7422,1654.8555,1667.9039,nan,nan,nan,nan,nan,nan,nan,nan,nan,nan,nan,nan
1441679724,4,1674.2059,1702.5892,1668.8088,1663.7587,nan,nan,nan,nan,nan,nan,nan,nan,nan,nan,nan,nan
1441780691,4,1659.2458,1705.1106,1656.0103,1672.2144,nan,nan,nan,nan,nan,nan,nan,nan,nan,nan,nan,nan
1441884476,4,1669.7975,1704.328,1663.3501,1664.878,nan,nan,nan,nan,nan,nan,nan,nan,nan,nan,nan,nan
1441984552,4,1661.2368,1709.9523,1659.8815,1672.6466,nan,nan,nan,nan,nan,nan,nan,nan,nan,nan,nan,nan
1442089396,4,1655.024,1709.1824,1653.3994,1677.7897,nan,nan,nan,nan,nan,nan,nan,nan,nan,nan,nan,nan
1442189334,4,1668.4684,1703.9298,1670.558,1670.4637,nan,nan,nan,nan,nan,nan,nan,nan,nan,nan,nan,nan
1442289339,4,1663.058,1699.645,1668.2656,1667.4785,nan,nan,nan,nan,nan,nan,nan,nan,nan,nan,nan,nan
1442389353,4,1657.7301,1704.6307,1660.1981,1673.7356,nan,nan,nan,nan,nan,nan,nan,nan,nan,nan,nan,nan
1442493385,4,1658.8457,1709.7529,1656.924,1679.936,nan,nan,nan,nan,nan,nan,nan,nan,nan,nan,nan,nan
1442594175,4,1654.7986,1706.2205,1657.498,1674.8422,nan,nan,nan,nan,nan,nan,nan,nan,nan,nan,nan,nan
1442694147,4,1661.9797,1700.3225,1661.8958,1673.5347,nan,nan,nan,nan,nan,nan,nan,nan,nan,nan,nan,nan
1442798045,4,1665.1356,1694.0259,1673.5083,1665.077,nan,nan,nan,nan,nan,nan,nan,nan,nan,nan,nan,nan
1442898130,4,1661.7983,1701.1099,1656.4309,1679.7023,nan,nan,nan,nan,nan,nan,nan,nan,nan,nan,nan,nan
1442998931,4,1663.3555,1707.8799,1655.194,1677.9725,nan,nan,nan,nan,nan,nan,nan,nan,nan,nan,nan,nan
1443102927,4,1655.8348,1705.0022,1647.849,1677.7264,nan,nan,nan,nan,nan,nan,nan,nan,nan,nan,nan,nan
1443202985,4,1666.4819,1702.4469,1656.9579,1668.07,nan,nan,nan,nan,nan,nan,nan,nan,nan,nan,nan,nan
1443302927,4,1664.2949,1707.6615,1652.5463,1674.638,nan,nan,nan,nan,nan,nan,nan,nan,nan,nan,nan,nan
1443407467,4,1663.7582,1709.0571,1652.6682,1677.0652,nan,nan,nan,nan,nan,nan,nan,nan,nan,nan,nan,nan
1443507652,4,1666.3281,1710.8105,1638.2833,1686.528,nan,nan,nan,nan,nan,nan,nan,nan,nan,nan,nan,nan
1443607654,4,1673.1998,1706.6274,1652.8035,1677.9053,nan,nan,nan,nan,nan,nan,nan,nan,nan,nan,nan,nan
1443711924,4,1670.0886,1716.8694,1647.3333,1672.3612,nan,nan,nan,nan,nan,nan,nan,nan,nan,nan,nan,nan
1443811656,4,1675.2375,1710.7864,1656.2421,1669.7476,nan,nan,nan,nan,nan,nan,nan,nan,nan,nan,nan,nan
1443913357,4,1674.0253,1709.0883,1651.6154,1671.1173,nan,nan,nan,nan,nan,nan,nan,nan,nan,nan,nan,nan
1444016528,4,1679.9847,1707.5658,1641.1046,1678.7394,nan,nan,nan,nan,nan,nan,nan,nan,nan,nan,nan,nan
1444117269,4,1668.627,1711.6981,1637.1241,1681.3367,nan,nan,nan,nan,nan,nan,nan,nan,nan,nan,nan,nan
1444216548,4,1669.7953,1725.8864,1659.0503,1675.2772,nan,nan,nan,nan,nan,nan,nan,nan,nan,nan,nan,nan
1444321338,4,1675.3489,1714.9156,1639.6418,1681.712,nan,nan,nan,nan,nan,nan,nan,nan,nan,nan,nan,nan
1444421888,4,1674.0371,1706.5109,1641.7639,1669.3633,nan,nan,nan,nan,nan,nan,nan,nan,nan,nan,nan,nan
1444521541,4,1676.7107,1704.8955,1640.7179,1667.9554,nan,nan,nan,nan,nan,nan,nan,nan,nan,nan,nan,nan
1444625431,4,1672.7297,1710.3389,1640.3312,1668.1223,nan,nan,nan,nan,nan,nan,nan,nan,nan,nan,nan,nan
1444726696,4,1675.379,1700.3667,1639.0702,1670.0658,nan,nan,nan,nan,nan,nan,nan,nan,nan,nan,nan,nan
1444826149,4,1658.7542,1721.4479,1685.5093,1626.2441,nan,nan,nan,nan,nan,nan,nan,nan,nan,nan,nan,nan
1444930137,4,1671.0483,1759.1855,1695.953,1659.0377,nan,nan,nan,nan,nan,nan,nan,nan,nan,nan,nan,nan
1445030139,4,1638.7352,1772.2543,1706.0745,1649.6123,nan,nan,nan,nan,nan,nan,nan,nan,nan,nan,nan,nan
1445130926,4,1689.4613,1722.7428,1651.857,1696.8942,nan,nan,nan,nan,nan,nan,nan,nan,nan,nan,nan,nan
1445235674,4,1719.6036,1670.4926,1615.4552,1732.2412,nan,nan,nan,nan,nan,nan,nan,nan,nan,nan,nan,nan
1445334940,4,1724.1432,1675.1187,1610.88,1748.6202,nan,nan,nan,nan,nan,nan,nan,nan,nan,nan,nan,nan
1445435685,4,1675.383,1734.762,1690.0206,1679.4419,nan,nan,nan,nan,nan,nan,nan,nan,nan,nan,nan,nan
1445539730,4,1658.0994,1744.527,1726.888,1652.3502,nan,nan,nan,nan,nan,nan,nan,nan,nan,nan,nan,nan
1445639748,4,1632.5497,1769.1765,1722.1117,1651.9373,nan,nan,nan,nan,nan,nan,nan,nan,nan,nan,nan,nan
1445741348,4,1667.373,1709.9108,1665.4849,1706.088,nan,nan,nan,nan,nan,nan,nan,nan,nan,nan,nan,nan
1445843735,4,1707.2611,1667.9691,1618.4597,1751.7178,nan,nan,nan,nan,nan,nan,nan,nan,nan,nan,nan,nan
1445948528,4,1722.3566,1650.6498,1610.0939,1764.7133,nan,nan,nan,nan,nan,nan,nan,nan,nan,nan,nan,nan
1446052538,4,1714.0798,1666.8932,1622.4886,1752.0985,nan,nan,nan,nan,nan,nan,nan,nan,nan,nan,nan,nan
1446152458,4,1658.3754,1724.6512,1695.1128,1693.714,nan,nan,nan,nan,nan,nan,nan,nan,nan,nan,nan,nan
1446256533,4,1649.194,1757.2749,1736.7422,1648.5195,nan,nan,nan,nan,nan,nan,nan,nan,nan,nan,nan,nan
1446357338,4,1640.1488,1753.0778,1710.4106,1666.8788,nan,nan,nan,nan,nan,nan,nan,nan,nan,nan,nan,nan
1446457332,4,1700.6079,1683.9009,1621.4794,1741.9155,nan,nan,nan,nan,nan,nan,nan,nan,nan,nan,nan,nan
1446561338,4,1732.4713,1651.4089,1591.5582,1767.1425,nan,nan,nan,nan,nan,nan,nan,nan,nan,nan,nan,nan
1446661331,4,1710.6783,1694.8134,1619.9182,1740.4198,nan,nan,nan,nan,nan,nan,nan,nan,nan,nan,nan,nan
1446762047,4,1677.2775,1736.4144,1653.8721,1703.0297,nan,nan,nan,nan,nan,nan,nan,nan,nan,nan,nan,nan
1446866150,4,1654.9165,1760.4979,1705.8795,1657.8911,nan,nan,nan,nan,nan,nan,nan,nan,nan,nan,nan,nan
1446966047,4,1637.7029,1784.9121,1703.2037,1649.1982,nan,nan,nan,nan,nan,nan,nan,nan,nan,nan,nan,nan
1447066928,4,1681.8491,1721.7313,1626.003,1725.2844,nan,nan,nan,nan,nan,nan,nan,nan,nan,nan,nan,nan
1447167802,4,1737.2615,1662.2914,1595.8822,1756.9407,nan,nan,nan,nan,nan,nan,nan,nan,nan,nan,nan,nan
1447270882,4,1729.2737,1683.2795,1627.4423,1726.9878,nan,nan,nan,nan,nan,nan,nan,nan,nan,nan,nan,nan
1447370929,4,1681.2089,1736.8496,1702.7953,1670.5394,nan,nan,nan,nan,nan,nan,nan,nan,nan,nan,nan,nan
1447475925,4,1640.2118,1776.408,1715.3433,1639.885,nan,nan,nan,nan,nan,nan,nan,nan,nan,nan,nan,nan
1447575647,4,1643.898,1772.8513,1686.2325,1669.271,nan,nan,nan,nan,nan,nan,nan,nan,nan,nan,nan,nan
1447676641,4,1725.6328,1663.2384,1609.9851,1749.376,nan,nan,nan,nan,nan,nan,nan,nan,nan,nan,nan,nan
1447779729,4,1733.0444,1664.4033,1602.5624,1755.8511,nan,nan,nan,nan,nan,nan,nan,nan,nan,nan,nan,nan
1447883725,4,1726.9584,1670.5253,1631.804,1728.7938,nan,nan,nan,nan,nan,nan,nan,nan,nan,nan,nan,nan
1447985432,4,1666.4988,1737.9066,1695.5181,1669.6248,nan,nan,nan,nan,nan,nan,nan,nan,nan,nan,nan,nan
1448084537,4,1629.2456,1776.5066,1719.6678,1643.3236,nan,nan,nan,nan,nan,nan,nan,nan,nan,nan,nan,nan
1448188528,4,1644.7301,1761.9822,1721.4309,1645.0872,nan,nan,nan,nan,nan,nan,nan,nan,nan,nan,nan,nan
1448288454,4,1695.6095,1691.3246,1617.4636,1737.302,nan,nan,nan,nan,nan,nan,nan,nan,nan,nan,nan,nan
1448389335,4,1737.6492,1641.74,1606.283,1754.2957,nan,nan,nan,nan,nan,nan,nan,nan,nan,nan,nan,nan
1448493341,4,1710.3535,1681.269,1625.8174,1743.8057,nan,nan,nan,nan,nan,nan,nan,nan,nan,nan,nan,nan
1448593260,4,1669.7186,1721.8956,1684.0696,1689.5436,nan,nan,nan,nan,nan,nan,nan,nan,nan,nan,nan,nan
1448693365,4,1637.5024,1766.0848,1742.6621,1633.642,nan,nan,nan,nan,nan,nan,nan,nan,nan,nan,nan,nan
1448798968,4,1629.7523,1766.8562,1725.5237,1648.3964,nan,nan,nan,nan,nan,nan,nan,nan,nan,nan,nan,nan
1448898079,4,1697.9984,1686.4387,1648.6294,1718.4851,nan,nan,nan,nan,nan,nan,nan,nan,nan,nan,nan,nan
1448998993,4,1731.7874,1654.0219,1608.446,1758.2255,nan,nan,nan,nan,nan,nan,nan,nan,nan,nan,nan,nan
1449102136,4,1711.5253,1685.6155,1639.1216,1732.9933,nan,nan,nan,nan,nan,nan,nan,nan,nan,nan,nan,nan
1449202976,4,1671.6908,1739.4843,1728.4827,1657.9847,nan,nan,nan,nan,nan,nan,nan,nan,nan,nan,nan,nan
1449303388,4,1642.2943,1778.3579,1733.5355,1633.4254,nan,nan,nan,nan,nan,nan,nan,nan,nan,nan,nan,nan
1449406937,4,1634.004,1763.2937,1713.8154,1649.1266,nan,nan,nan,nan,nan,nan,nan,nan,nan,nan,nan,nan
1449506928,4,1691.968,1697.0106,1635.436,1718.4359,nan,nan,nan,nan,nan,nan,nan,nan,nan,nan,nan,nan
1449607740,4,1730.5327,1664.2231,1605.7782,1748.7106,nan,nan,nan,nan,nan,nan,nan,nan,nan,nan,nan,nan
1449711929,4,1718.968,1690.8242,1629.7102,1731.6322,nan,nan,nan,nan,nan,nan,nan,nan,nan,nan,nan,nan
1449811750,4,1658.2339,1759.1833,1691.591,1673.0289,nan,nan,nan,nan,nan,nan,nan,nan,nan,nan,nan,nan
1449911728,4,1647.1815,1786.3505,1728.1581,1622.0327,nan,nan,nan,nan,nan,nan,nan,nan,nan,nan,nan,nan
1450012547,4,1681.9923,1740.6302,1680.0426,1673.991,nan,nan,nan,nan,nan,nan,nan,nan,nan,nan,nan,nan
1450117710,4,1719.7069,1689.0895,1615.9749,1725.3599,nan,nan,nan,nan,nan,nan,nan,nan,nan,nan,nan,nan
1450216524,4,1741.4469,1683.832,1619.1097,1732.1321,nan,nan,nan,nan,nan,nan,nan,nan,nan,nan,nan,nan
1450421274,4,1653.7709,1775.2356,1715.0881,1637.0092,nan,nan,nan,nan,nan,nan,nan,nan,nan,nan,nan,nan
1450521330,4,1631.7,1801.577,1690.4558,1646.4333,nan,nan,nan,nan,nan,nan,nan,nan,nan,nan,nan,nan
1450623631,4,1699.6442,1724.4858,1629.2676,1701.4315,nan,nan,nan,nan,nan,nan,nan,nan,nan,nan,nan,nan
1450725338,4,1737.4917,1686.1741,1592.13,1744.541,nan,nan,nan,nan,nan,nan,nan,nan,nan,nan,nan,nan
1450826141,4,1726.1619,1702.2327,1615.0146,1724.2974,nan,nan,nan,nan,nan,nan,nan,nan,nan,nan,nan,nan
1450926156,4,1675.9766,1765.6505,1694.9065,1652.3151,nan,nan,nan,nan,nan,nan,nan,nan,nan,nan,nan,nan
1451030137,4,1645.1132,1789.6118,1707.35,1623.3102,nan,nan,nan,nan,nan,nan,nan,nan,nan,nan,nan,nan
1451130569,4,1665.5394,1759.5132,1689.4634,1650.3063,nan,nan,nan,nan,nan,nan,nan,nan,nan,nan,nan,nan
1451230926,4,1726.0356,1697.1511,1612.7858,1723.1144,nan,nan,nan,nan,nan,nan,nan,nan,nan,nan,nan,nan
1451334927,4,1743.9702,1664.9939,1603.2501,1728.8041,nan,nan,nan,nan,nan,nan,nan,nan,nan,nan,nan,nan
1451434924,4,1724.9375,1699.9956,1623.0035,1712.5215,nan,nan,nan,nan,nan,nan,nan,nan,nan,nan,nan,nan
1451535109,4,1668.0787,1767.9409,1687.1733,1646.6421,nan,nan,nan,nan,nan,nan,nan,nan,nan,nan,nan,nan
1451639728,4,1655.9197,1784.533,1711.8317,1621.1617,nan,nan,nan,nan,nan,nan,nan,nan,nan,nan,nan,nan
1451739730,4,1642.7733,1793.0265,1690.7511,1628.6926,nan,nan,nan,nan,nan,nan,nan,nan,nan,nan,nan,nan
1451839936,4,1702.7802,1735.1664,1629.805,1684.1682,nan,nan,nan,nan,nan,nan,nan,nan,nan,nan,nan,nan
1451944559,4,1747.5677,1691.5292,1586.7714,1735.1143,nan,nan,nan,nan,nan,nan,nan,nan,nan,nan,nan,nan
1452044455,4,1736.2584,1709.8861,1607.4844,1721.6364,nan,nan,nan,nan,nan,nan,nan,nan,nan,nan,nan,nan
1452144541,4,1689.9097,1766.6439,1664.3018,1659.81,nan,nan,nan,nan,nan,nan,nan,nan,nan,nan,nan,nan
1452248449,4,1673.2977,1788.3093,1699.1003,1616.577,nan,nan,nan,nan,nan,nan,nan,nan,nan,nan,nan,nan
1452349349,4,1647.8757,1805.635,1705.6046,1611.5385,nan,nan,nan,nan,nan,nan,nan,nan,nan,nan,nan,nan
1452450883,4,1680.2507,1762.2104,1643.456,1672.4884,nan,nan,nan,nan,nan,nan,nan,nan,nan,nan,nan,nan
1452553261,4,1742.2477,1700.86,1601.6581,1711.5159,nan,nan,nan,nan,nan,nan,nan,nan,nan,nan,nan,nan
1452653344,4,1746.1488,1696.5883,1607.5736,1719.5377,nan,nan,nan,nan,nan,nan,nan,nan,nan,nan,nan,nan
1452753373,4,1696.8896,1767.0028,1642.9241,1676.4695,nan,nan,nan,nan,nan,nan,nan,nan,nan,nan,nan,nan
1452858056,4,1667.4486,1785.052,1696.6523,1625.6973,nan,nan,nan,nan,nan,nan,nan,nan,nan,nan,nan,nan
1452958137,4,1671.9501,1793.7905,1692.8298,1612.3054,nan,nan,nan,nan,nan,nan,nan,nan,nan,nan,nan,nan
1453058139,4,1716.4874,1738.7205,1629.0543,1683.8759,nan,nan,nan,nan,nan,nan,nan,nan,nan,nan,nan,nan
1453158141,4,1750.0725,1700.1945,1580.3282,1721.0778,nan,nan,nan,nan,nan,nan,nan,nan,nan,nan,nan,nan
1453263498,4,1766.956,1688.7108,1590.4114,1706.4918,nan,nan,nan,nan,nan,nan,nan,nan,nan,nan,nan,nan
1453362929,4,1735.6913,1728.2944,1630.104,1683.3723,nan,nan,nan,nan,nan,nan,nan,nan,nan,nan,nan,nan
1453466940,4,1695.1672,1772.4053,1664.0712,1648.6259,nan,nan,nan,nan,nan,nan,nan,nan,nan,nan,nan,nan
1453566986,4,1675.8356,1799.4784,1684.4996,1613.63,nan,nan,nan,nan,nan,nan,nan,nan,nan,nan,nan,nan
1453667688,4,1682.6055,1787.2574,1663.4625,1637.8334,nan,nan,nan,nan,nan,nan,nan,nan,nan,nan,nan,nan
1453772582,4,1717.5945,1739.2941,1632.9221,1667.4856,nan,nan,nan,nan,nan,nan,nan,nan,nan,nan,nan,nan
1453871729,4,1753.0698,1692.8586,1580.4271,1716.8456,nan,nan,nan,nan,nan,nan,nan,nan,nan,nan,nan,nan
1453971648,4,1743.3341,1706.8777,1585.8176,1716.7766,nan,nan,nan,nan,nan,nan,nan,nan,nan,nan,nan,nan
1454072551,4,1704.9547,1760.3357,1649.1012,1663.574,nan,nan,nan,nan,nan,nan,nan,nan,nan,nan,nan,nan
1454176525,4,1669.5664,1783.7161,1684.1216,1635.4182,nan,nan,nan,nan,nan,nan,nan,nan,nan,nan,nan,nan
1454276542,4,1656.8881,1800.1508,1689.2993,1634.1027,nan,nan,nan,nan,nan,nan,nan,nan,nan,nan,nan,nan
1454380464,4,1688.6953,1761.5387,1651.3815,1663.0449,nan,nan,nan,nan,nan,nan,nan,nan,nan,nan,nan,nan
1454481267,4,1753.2567,1687.1831,1601.707,1712.8269,nan,nan,nan,nan,nan,nan,nan,nan,nan,nan,nan,nan
1454581256,4,1757.8102,1672.3607,1607.344,1710.8438,nan,nan,nan,nan,nan,nan,nan,nan,nan,nan,nan,nan
1454681343,4,1682.6355,1765.8868,1671.8562,1658.7733,nan,nan,nan,nan,nan,nan,nan,nan,nan,nan,nan,nan
1454785382,4,1659.2572,1808.048,1711.3733,1616.2268,nan,nan,nan,nan,nan,nan,nan,nan,nan,nan,nan,nan
1454886044,4,1655.5085,1773.6442,1690.1366,1665.9128,nan,nan,nan,nan,nan,nan,nan,nan,nan,nan,nan,nan
1454986057,4,1657.9148,1654.944,1670.164,1762.0176,nan,nan,nan,nan,nan,nan,nan,nan,nan,nan,nan,nan
1455091956,4,1665.8872,1615.3489,1645.2639,1810.6571,nan,nan,nan,nan,nan,nan,nan,nan,nan,nan,nan,nan
1455190145,4,1700.4794,1687.3561,1637.577,1735.9705,nan,nan,nan,nan,nan,nan,nan,nan,nan,nan,nan,nan
1455290929,4,1672.6665,1784.6462,1691.825,1639.4302,nan,nan,nan,nan,nan,nan,nan,nan,nan,nan,nan,nan
1455395096,4,1684.5023,1848.3918,1661.3582,1583.1593,nan,nan,nan,nan,nan,nan,nan,nan,nan,nan,nan,nan
1455494924,4,1766.6521,1834.4371,1554.3776,1583.1893,nan,nan,nan,nan,nan,nan,nan,nan,nan,nan,nan,nan
1455596570,4,1824.954,1782.5586,1517.5272,1597.8208,nan,nan,nan,nan,nan,nan,nan,nan,nan,nan,nan,nan
1455699725,4,1765.691,1741.1227,1597.8477,1631.2837,nan,nan,nan,nan,nan,nan,nan,nan,nan,nan,nan,nan
1455799924,4,1723.4811,1752.6161,1611.6063,1637.9535,nan,nan,nan,nan,nan,nan,nan,nan,nan,nan,nan,nan
1455899745,4,1691.3286,1742.7437,1608.6245,1658.9832,nan,nan,nan,nan,nan,nan,nan,nan,nan,nan,nan,nan
1456003725,4,1691.9039,1721.4935,1636.5662,1655.8779,nan,nan,nan,nan,nan,nan,nan,nan,nan,nan,nan,nan
1456104458,4,1687.3096,1704.2109,1647.4802,1657.771,nan,nan,nan,nan,nan,nan,nan,nan,nan,nan,nan,nan
1456204533,4,1668.8347,1710.149,1632.4613,1667.7273,nan,nan,nan,nan,nan,nan,nan,nan,nan,nan,nan,nan
1456308530,4,1684.9518,1699.9893,1636.606,1667.9644,nan,nan,nan,nan,nan,nan,nan,nan,nan,nan,nan,nan
1456409401,4,1672.3489,1722.1587,1635.2037,1671.7163,nan,nan,nan,nan,nan,nan,nan,nan,nan,nan,nan,nan
1456509342,4,1684.0261,1713.1089,1637.7347,1662.4386,nan,nan,nan,nan,nan,nan,nan,nan,nan,nan,nan,nan
1456613335,4,1669.3864,1723.6082,1632.1075,1664.5791,nan,nan,nan,nan,nan,nan,nan,nan,nan,nan,nan,nan
1456713337,4,1685.2583,1711.5833,1633.1943,1655.4818,nan,nan,nan,nan,nan,nan,nan,nan,nan,nan,nan,nan
1456813380,4,1687.106,1711.9569,1626.3538,1661.3438,nan,nan,nan,nan,nan,nan,nan,nan,nan,nan,nan,nan
1456918150,4,1681.172,1725.3506,1622.2017,1662.7604,nan,nan,nan,nan,nan,nan,nan,nan,nan,nan,nan,nan
1457018139,4,1693.4291,1724.1942,1624.6344,1661.3636,nan,nan,nan,nan,nan,nan,nan,nan,nan,nan,nan,nan
1457118143,4,1698.3429,1719.1112,1638.9445,1655.2191,nan,nan,nan,nan,nan,nan,nan,nan,nan,nan,nan,nan
1457218045,4,1696.1719,1722.8654,1632.6595,1654.5109,nan,nan,nan,nan,nan,nan,nan,nan,nan,nan,nan,nan
1457322847,4,1685.7839,1726.0773,1620.3958,1663.2717,nan,nan,nan,nan,nan,nan,nan,nan,nan,nan,nan,nan
1457424554,4,1690.4222,1721.7455,1623.8668,1659.9403,nan,nan,nan,nan,nan,nan,nan,nan,nan,nan,nan,nan
1457526919,4,1697.6802,1722.7897,1628.4116,1661.4349,nan,nan,nan,nan,nan,nan,nan,nan,nan,nan,nan,nan
1457627725,4,1697.4088,1723.16,1630.1299,1651.9926,nan,nan,nan,nan,nan,nan,nan,nan,nan,nan,nan,nan
1457728638,4,1691.657,1727.7958,1617.9552,1663.6128,nan,nan,nan,nan,nan,nan,nan,nan,nan,nan,nan,nan
1457831731,4,1703.022,1719.68,1635.38,1648.5555,nan,nan,nan,nan,nan,nan,nan,nan,nan,nan,nan,nan
1457935725,4,1698.3213,1716.0599,1629.9528,1656.2458,nan,nan,nan,nan,nan,nan,nan,nan,nan,nan,nan,nan
1458035691,4,1696.9594,1710.4276,1632.3907,1654.3319,nan,nan,nan,nan,nan,nan,nan,nan,nan,nan,nan,nan
1458136534,4,1699.9945,1712.6193,1641.3225,1653.2388,nan,nan,nan,nan,nan,nan,nan,nan,nan,nan,nan,nan
1458240531,4,1697.3129,1718.4084,1628.2343,1658.3798,nan,nan,nan,nan,nan,nan,nan,nan,nan,nan,nan,nan
1458340531,4,1692.1766,1712.67,1630.3529,1660.827,nan,nan,nan,nan,nan,nan,nan,nan,nan,nan,nan,nan
1458440541,4,1696.4697,1714.6246,1633.0955,1658.6442,nan,nan,nan,nan,nan,nan,nan,nan,nan,nan,nan,nan
1458546186,4,1695.6014,1709.5621,1643.0282,1653.1853,nan,nan,nan,nan,nan,nan,nan,nan,nan,nan,nan,nan
1458645333,4,1689.0455,1713.379,1634.6085,1658.1309,nan,nan,nan,nan,nan,nan,nan,nan,nan,nan,nan,nan
1458745360,4,1697.6859,1715.9944,1637.9841,1660.9794,nan,nan,nan,nan,nan,nan,nan,nan,nan,nan,nan,nan
1458950135,4,1689.8999,1712.9489,1622.6853,1664.6658,nan,nan,nan,nan,nan,nan,nan,nan,nan,nan,nan,nan
1459050159,4,1691.7224,1716.9431,1628.9485,1660.7954,nan,nan,nan,nan,nan,nan,nan,nan,nan,nan,nan,nan
1459154142,4,1704.4116,1711.3174,1636.9058,1651.3944,nan,nan,nan,nan,nan,nan,nan,nan,nan,nan,nan,nan
1459254960,4,1695.9229,1716.3162,1627.9508,1659.6276,nan,nan,nan,nan,nan,nan,nan,nan,nan,nan,nan,nan
1459355369,4,1702.9238,1714.8047,1626.952,1664.1533,nan,nan,nan,nan,nan,nan,nan,nan,nan,nan,nan,nan
1459558984,4,1710.5245,1703.2343,1639.785,1641.1836,nan,nan,nan,nan,nan,nan,nan,nan,nan,nan,nan,nan
1459659724,4,1703.0645,1732.0808,1623.5955,1670.2332,nan,nan,nan,nan,nan,nan,nan,nan,nan,nan,nan,nan
1459763729,4,1709.4116,1733.0071,1610.579,1661.542,nan,nan,nan,nan,nan,nan,nan,nan,nan,nan,nan,nan
1459864903,4,1718.0365,1732.0325,1603.5339,1652.7786,nan,nan,nan,nan,nan,nan,nan,nan,nan,nan,nan,nan
1459963928,4,1706.9388,1744.0773,1588.4016,1657.1812,nan,nan,nan,nan,nan,nan,nan,nan,nan,nan,nan,nan
1460064541,4,1706.2649,1749.9414,1595.5466,1648.893,nan,nan,nan,nan,nan,nan,nan,nan,nan,nan,nan,nan
1460169540,4,1715.6848,1752.9015,1598.0002,1638.9037,nan,nan,nan,nan,nan,nan,nan,nan,nan,nan,nan,nan
1460268531,4,1705.6924,1759.5558,1591.7924,1638.367,nan,nan,nan,nan,nan,nan,nan,nan,nan,nan,nan,nan
1460372549,4,1744.2446,1725.2645,1594.1934,1632.3412,nan,nan,nan,nan,nan,nan,nan,nan,nan,nan,nan,nan
1460473336,4,1738.7119,1749.4995,1595.1233,1637.328,nan,nan,nan,nan,nan,nan,nan,nan,nan,nan,nan,nan
1460573334,4,1731.6671,1761.2783,1586.6519,1634.5569,nan,nan,nan,nan,nan,nan,nan,nan,nan,nan,nan,nan
1460673337,4,1729.102,1756.2362,1584.7125,1628.8925,nan,nan,nan,nan,nan,nan,nan,nan,nan,nan,nan,nan
1460777373,4,1722.2737,1763.3799,1584.9366,1634.3632,nan,nan,nan,nan,nan,nan,nan,nan,nan,nan,nan,nan
1460878999,4,1739.285,1745.0688,1585.9966,1623.0961,nan,nan,nan,nan,nan,nan,nan,nan,nan,nan,nan,nan
1460978147,4,1728.7874,1750.119,1576.8912,1631.9202,nan,nan,nan,nan,nan,nan,nan,nan,nan,nan,nan,nan
1461082147,4,1740.8103,1739.072,1590.7637,1630.7275,nan,nan,nan,nan,nan,nan,nan,nan,nan,nan,nan,nan
1461182584,4,1740.5516,1740.6064,1585.22,1632.9641,nan,nan,nan,nan,nan,nan,nan,nan,nan,nan,nan,nan
1461282927,4,1732.5366,1746.043,1584.9827,1644.1322,nan,nan,nan,nan,nan,nan,nan,nan,nan,nan,nan,nan
1461386848,4,1734.126,1737.819,1587.4125,1648.3177,nan,nan,nan,nan,nan,nan,nan,nan,nan,nan,nan,nan
1461486925,4,1723.7302,1736.4646,1589.9009,1653.7812,nan,nan,nan,nan,nan,nan,nan,nan,nan,nan,nan,nan
1461586927,4,1716.9067,1735.5247,1600.9261,1654.0559,nan,nan,nan,nan,nan,nan,nan,nan,nan,nan,nan,nan
1461692632,4,1725.3434,1727.3612,1617.1749,1654.7771,nan,nan,nan,nan,nan,nan,nan,nan,nan,nan,nan,nan
1461791913,4,1716.6437,1722.4335,1616.0432,1659.0922,nan,nan,nan,nan,nan,nan,nan,nan,nan,nan,nan,nan
1461891733,4,1707.9877,1722.132,1624.0813,1665.7787,nan,nan,nan,nan,nan,nan,nan,nan,nan,nan,nan,nan
1461996442,4,1702.5859,1716.5687,1627.1752,1662.8477,nan,nan,nan,nan,nan,nan,nan,nan,nan,nan,nan,nan
1462096528,4,1699.097,1711.4556,1624.9801,1668.6758,nan,nan,nan,nan,nan,nan,nan,nan,nan,nan,nan,nan
1462198207,4,1704.1636,1709.595,1627.9243,1669.4253,nan,nan,nan,nan,nan,nan,nan,nan,nan,nan,nan,nan
1462300531,4,1701.9982,1710.2245,1634.1952,1664.6383,nan,nan,nan,nan,nan,nan,nan,nan,nan,nan,nan,nan
1462400532,4,1697.6246,1713.8658,1625.1191,1668.3784,nan,nan,nan,nan,nan,nan,nan,nan,nan,nan,nan,nan
1462501334,4,1692.2983,1709.3374,1617.4677,1674.3759,nan,nan,nan,nan,nan,nan,nan,nan,nan,nan,nan,nan
1462605334,4,1695.8159,1715.7671,1616.631,1674.4862,nan,nan,nan,nan,nan,nan,nan,nan,nan,nan,nan,nan
1462705343,4,1702.5172,1713.6553,1626.7328,1665.5533,nan,nan,nan,nan,nan,nan,nan,nan,nan,nan,nan,nan
1462805279,4,1705.241,1710.2246,1630.7428,1663.4858,nan,nan,nan,nan,nan,nan,nan,nan,nan,nan,nan,nan
1462910249,4,1700.5896,1715.1674,1618.1776,1674.2432,nan,nan,nan,nan,nan,nan,nan,nan,nan,nan,nan,nan
1463014111,4,1695.2413,1719.0825,1627.0203,1667.4994,nan,nan,nan,nan,nan,nan,nan,nan,nan,nan,nan,nan
1463114149,4,1686.9941,1723.0253,1619.5477,1673.2577,nan,nan,nan,nan,nan,nan,nan,nan,nan,nan,nan,nan
1463218148,4,1694.4142,1720.5586,1626.4086,1668.1401,nan,nan,nan,nan,nan,nan,nan,nan,nan,nan,nan,nan
1463318856,4,1694.3147,1714.2877,1629.0437,1673.4042,nan,nan,nan,nan,nan,nan,nan,nan,nan,nan,nan,nan
1463418925,4,1689.6552,1711.1575,1619.8599,1678.0902,nan,nan,nan,nan,nan,nan,nan,nan,nan,nan,nan,nan
1463518928,4,1694.1034,1701.6003,1641.3007,1666.2703,nan,nan,nan,nan,nan,nan,nan,nan,nan,nan,nan,nan
1463622924,4,1699.6401,1701.8817,1640.5062,1669.0669,nan,nan,nan,nan,nan,nan,nan,nan,nan,nan,nan,nan
1463723725,4,1694.7445,1699.7563,1640.8501,1668.4283,nan,nan,nan,nan,nan,nan,nan,nan,nan,nan,nan,nan
1463823842,4,1682.895,1714.1615,1633.4762,1675.266,nan,nan,nan,nan,nan,nan,nan,nan,nan,nan,nan,nan
1464027684,4,1679.2439,1716.0316,1633.424,1679.5502,nan,nan,nan,nan,nan,nan,nan,nan,nan,nan,nan,nan
1464128528,4,1683.0413,1711.9742,1632.1141,1674.0044,nan,nan,nan,nan,nan,nan,nan,nan,nan,nan,nan,nan
1464232529,4,1691.7161,1706.8947,1631.8301,1679.6046,nan,nan,nan,nan,nan,nan,nan,nan,nan,nan,nan,nan
1464332529,4,1686.5468,1718.1321,1623.6888,1675.8689,nan,nan,nan,nan,nan,nan,nan,nan,nan,nan,nan,nan
1464433422,4,1697.1449,1713.0746,1637.9093,1666.0988,nan,nan,nan,nan,nan,nan,nan,nan,nan,nan,nan,nan
1464537332,4,1688.4282,1713.4374,1619.9473,1675.24,nan,nan,nan,nan,nan,nan,nan,nan,nan,nan,nan,nan
1464638225,4,1677.9198,1732.8938,1634.6808,1661.5238,nan,nan,nan,nan,nan,nan,nan,nan,nan,nan,nan,nan
1464737354,4,1702.865,1719.8467,1640.6079,1661.1237,nan,nan,nan,nan,nan,nan,nan,nan,nan,nan,nan,nan
1464842158,4,1694.2234,1718.9044,1627.1788,1666.3174,nan,nan,nan,nan,nan,nan,nan,nan,nan,nan,nan,nan
1464947280,4,1694.8615,1717.9242,1621.1995,1671.5236,nan,nan,nan,nan,nan,nan,nan,nan,nan,nan,nan,nan
1465046135,4,1681.2999,1717.0746,1608.1653,1668.6077,nan,nan,nan,nan,nan,nan,nan,nan,nan,nan,nan,nan
1465150148,4,1684.8445,1715.1023,1615.0876,1664.7543,nan,nan,nan,nan,nan,nan,nan,nan,nan,nan,nan,nan
1465251088,4,1670.2689,1713.0879,1593.7758,1656.4414,nan,nan,nan,nan,nan,nan,nan,nan,nan,nan,nan,nan
1465354925,4,1672.4154,1702.2625,1598.7761,1651.5978,nan,nan,nan,nan,nan,nan,nan,nan,nan,nan,nan,nan
1465455810,4,1694.0822,1714.202,1618.7533,1658.2878,nan,nan,nan,nan,nan,nan,nan,nan,nan,nan,nan,nan
1465558929,4,1685.4258,1720.8702,1616.2941,1671.6709,nan,nan,nan,nan,nan,nan,nan,nan,nan,nan,nan,nan
1465659647,4,1682.3485,1723.0195,1612.3344,1663.4432,nan,nan,nan,nan,nan,nan,nan,nan,nan,nan,nan,nan
1465760576,4,1690.7136,1723.2849,1618.7478,1667.2693,nan,nan,nan,nan,nan,nan,nan,nan,nan,nan,nan,nan
1465863724,4,1684.9844,1724.6168,1605.0629,1670.8715,nan,nan,nan,nan,nan,nan,nan,nan,nan,nan,nan,nan
1465963725,4,1692.5148,1717.0718,1618.1052,1657.0316,nan,nan,nan,nan,nan,nan,nan,nan,nan,nan,nan,nan
1466064527,4,1687.9695,1722.0898,1614.3287,1661.5458,nan,nan,nan,nan,nan,nan,nan,nan,nan,nan,nan,nan
1466168541,4,1693.7555,1719.0602,1611.8066,1667.1058,nan,nan,nan,nan,nan,nan,nan,nan,nan,nan,nan,nan
1466268458,4,1695.4873,1723.1624,1602.2938,1668.1384,nan,nan,nan,nan,nan,nan,nan,nan,nan,nan,nan,nan
1466368527,4,1693.3527,1730.1509,1598.5969,1668.6014,nan,nan,nan,nan,nan,nan,nan,nan,nan,nan,nan,nan
1466469342,4,1701.0138,1727.1046,1608.1583,1666.2102,nan,nan,nan,nan,nan,nan,nan,nan,nan,nan,nan,nan
1466573931,4,1698.864,1724.9608,1609.6188,1665.4551,nan,nan,nan,nan,nan,nan,nan,nan,nan,nan,nan,nan
1466673340,4,1698.5449,1734.6754,1595.5851,1681.5564,nan,nan,nan,nan,nan,nan,nan,nan,nan,nan,nan,nan
1466774185,4,1706.3267,1733.6305,1609.5867,1671.3356,nan,nan,nan,nan,nan,nan,nan,nan,nan,nan,nan,nan
1466878141,4,1725.8381,1712.2208,1619.7118,1649.9329,nan,nan,nan,nan,nan,nan,nan,nan,nan,nan,nan,nan
1466978136,4,1722.562,1719.7004,1611.5671,1652.56,nan,nan,nan,nan,nan,nan,nan,nan,nan,nan,nan,nan
1467083223,4,1709.6104,1723.9558,1606.3398,1657.4822,nan,nan,nan,nan,nan,nan,nan,nan,nan,nan,nan,nan
1467183108,4,1705.081,1725.2511,1603.5631,1660.3167,nan,nan,nan,nan,nan,nan,nan,nan,nan,nan,nan,nan
1467282854,4,1700.8566,1729.5364,1600.3076,1662.1481,nan,nan,nan,nan,nan,nan,nan,nan,nan,nan,nan,nan
1467383120,4,1700.319,1729.9569,1601.5812,1665.2155,nan,nan,nan,nan,nan,nan,nan,nan,nan,nan,nan,nan
1467486885,4,1711.1292,1724.037,1605.4264,1665.4595,nan,nan,nan,nan,nan,nan,nan,nan,nan,nan,nan,nan
1467588922,4,1702.3667,1730.215,1604.0361,1666.273,nan,nan,nan,nan,nan,nan,nan,nan,nan,nan,nan,nan
1467687731,4,1702.6519,1728.7212,1607.3231,1668.923,nan,nan,nan,nan,nan,nan,nan,nan,nan,nan,nan,nan
1467791748,4,1701.7192,1719.4843,1610.5963,1666.1405,nan,nan,nan,nan,nan,nan,nan,nan,nan,nan,nan,nan
1467891655,4,1700.33,1717.4694,1611.0923,1667.4948,nan,nan,nan,nan,nan,nan,nan,nan,nan,nan,nan,nan
1467992528,4,1710.1588,1710.6383,1621.211,1666.1078,nan,nan,nan,nan,nan,nan,nan,nan,nan,nan,nan,nan
1468097679,4,1701.823,1710.2292,1626.6436,1663.4115,nan,nan,nan,nan,nan,nan,nan,nan,nan,nan,nan,nan
1468196645,4,1702.9341,1715.2415,1617.732,1675.6017,nan,nan,nan,nan,nan,nan,nan,nan,nan,nan,nan,nan
1468300523,4,1708.121,1706.2769,1631.3788,1661.874,nan,nan,nan,nan,nan,nan,nan,nan,nan,nan,nan,nan
1468402787,4,1698.4974,1709.2509,1616.5513,1670.9347,nan,nan,nan,nan,nan,nan,nan,nan,nan,nan,nan,nan
1468501337,4,1697.4883,1710.7896,1615.2211,1674.4962,nan,nan,nan,nan,nan,nan,nan,nan,nan,nan,nan,nan
1468601283,4,1703.8304,1716.2987,1614.5132,1666.2914,nan,nan,nan,nan,nan,nan,nan,nan,nan,nan,nan,nan
1468707289,4,1700.3557,1706.3655,1622.9374,1665.4365,nan,nan,nan,nan,nan,nan,nan,nan,nan,nan,nan,nan
1468810136,4,1702.7397,1708.6976,1616.7865,1667.2969,nan,nan,nan,nan,nan,nan,nan,nan,nan,nan,nan,nan
1468910141,4,1712.7516,1699.4792,1620.8231,1665.0527,nan,nan,nan,nan,nan,nan,nan,nan,nan,nan,nan,nan
1469014712,4,1703.4066,1714.7593,1610.9907,1678.81,nan,nan,nan,nan,nan,nan,nan,nan,nan,nan,nan,nan
1469114254,4,1698.8077,1714.8752,1613.7167,1675.1144,nan,nan,nan,nan,nan,nan,nan,nan,nan,nan,nan,nan
1469215848,4,1698.2888,1704.4281,1629.6862,1671.0065,nan,nan,nan,nan,nan,nan,nan,nan,nan,nan,nan,nan
1469314925,4,1694.9601,1704.1161,1628.0266,1673.1688,nan,nan,nan,nan,nan,nan,nan,nan,nan,nan,nan,nan
1469418888,4,1704.5007,1698.9797,1639.5674,1666.0508,nan,nan,nan,nan,nan,nan,nan,nan,nan,nan,nan,nan
1469518926,4,1680.6259,1705.81,1633.3798,1685.1552,nan,nan,nan,nan,nan,nan,nan,nan,nan,nan,nan,nan
1469619733,4,1688.2317,1699.543,1633.6412,1680.437,nan,nan,nan,nan,nan,nan,nan,nan,nan,nan,nan,nan
1469723740,4,1682.1598,1697.6649,1642.52,1676.4856,nan,nan,nan,nan,nan,nan,nan,nan,nan,nan,nan,nan
1469829237,4,1682.2168,1695.5433,1641.8157,1687.0465,nan,nan,nan,nan,nan,nan,nan,nan,nan,nan,nan,nan
1469927651,4,1681.0908,1697.5503,1647.0298,1687.248,nan,nan,nan,nan,nan,nan,nan,nan,nan,nan,nan,nan
1470032543,4,1684.84,1690.5168,1643.0781,1690.2863,nan,nan,nan,nan,nan,nan,nan,nan,nan,nan,nan,nan
1470132449,4,1687.3,1692.1069,1648.2874,1683.291,nan,nan,nan,nan,nan,nan,nan,nan,nan,nan,nan,nan
1470232535,4,1673.315,1705.7115,1636.8245,1696.6578,nan,nan,nan,nan,nan,nan,nan,nan,nan,nan,nan,nan
1470333332,4,1682.201,1698.7887,1646.0305,1686.0408,nan,nan,nan,nan,nan,nan,nan,nan,nan,nan,nan,nan
1470437289,4,1680.4285,1696.3702,1643.383,1680.3485,nan,nan,nan,nan,nan,nan,nan,nan,nan,nan,nan,nan
1470537336,4,1675.5939,1702.8904,1647.6285,1688.9951,nan,nan,nan,nan,nan,nan,nan,nan,nan,nan,nan,nan
1470641340,4,1677.6647,1699.3712,1647.0128,1685.5485,nan,nan,nan,nan,nan,nan,nan,nan,nan,nan,nan,nan
1470742136,4,1662.8029,1705.0823,1637.1449,1696.1824,nan,nan,nan,nan,nan,nan,nan,nan,nan,nan,nan,nan
1470843527,4,1674.3439,1702.2896,1649.6555,1691.1931,nan,nan,nan,nan,nan,nan,nan,nan,nan,nan,nan,nan
1470946145,4,1681.6467,1683.1205,1654.8256,1684.0583,nan,nan,nan,nan,nan,nan,nan,nan,nan,nan,nan,nan
1471046135,4,1662.1757,1701.21,1648.2384,1696.6709,nan,nan,nan,nan,nan,nan,nan,nan,nan,nan,nan,nan
1471146931,4,1676.7546,1687.5903,1659.0099,1689.1592,nan,nan,nan,nan,nan,nan,nan,nan,nan,nan,nan,nan
1471246925,4,1664.327,1696.5912,1650.8872,1699.9944,nan,nan,nan,nan,nan,nan,nan,nan,nan,nan,nan,nan
1471350930,4,1661.4103,1694.4713,1653.2151,1699.1691,nan,nan,nan,nan,nan,nan,nan,nan,nan,nan,nan,nan
1471450925,4,1675.9906,1678.0032,1658.6011,1685.6376,nan,nan,nan,nan,nan,nan,nan,nan,nan,nan,nan,nan
1471551730,4,1667.3463,1681.0485,1651.3291,1688.6771,nan,nan,nan,nan,nan,nan,nan,nan,nan,nan,nan,nan
1471656578,4,1670.1741,1686.6761,1642.2283,1699.5983,nan,nan,nan,nan,nan,nan,nan,nan,nan,nan,nan,nan
1471755654,4,1663.4414,1697.4298,1641.6348,1695.3901,nan,nan,nan,nan,nan,nan,nan,nan,nan,nan,nan,nan
1471859730,4,1672.6912,1689.7683,1653.7108,1683.383,nan,nan,nan,nan,nan,nan,nan,nan,nan,nan,nan,nan
1471960450,4,1661.4269,1696.486,1638.3759,1699.5814,nan,nan,nan,nan,nan,nan,nan,nan,nan,nan,nan,nan
1472060453,4,1668.928,1688.9484,1648.5812,1683.856,nan,nan,nan,nan,nan,nan,nan,nan,nan,nan,nan,nan
1472161714,4,1659.4121,1692.2693,1638.9626,1694.5089,nan,nan,nan,nan,nan,nan,nan,nan,nan,nan,nan,nan
1472365336,4,1669.0302,1679.4692,1641.5479,1680.4546,nan,nan,nan,nan,nan,nan,nan,nan,nan,nan,nan,nan
1472465370,4,1661.5594,1679.398,1643.2732,1669.043,nan,nan,nan,nan,nan,nan,nan,nan,nan,nan,nan,nan
1472569332,4,1665.6965,1689.073,1631.7318,1676.116,nan,nan,nan,nan,nan,nan,nan,nan,nan,nan,nan,nan
1472669260,4,1664.5536,1684.2964,1632.9843,1673.7651,nan,nan,nan,nan,nan,nan,nan,nan,nan,nan,nan,nan
1472770144,4,1654.96,1686.1735,1612.8231,1680.0522,nan,nan,nan,nan,nan,nan,nan,nan,nan,nan,nan,nan
1472874130,4,1652.5803,1686.9512,1611.1459,1673.1566,nan,nan,nan,nan,nan,nan,nan,nan,nan,nan,nan,nan
1472974150,4,1655.1213,1677.1632,1618.0863,1665.0609,nan,nan,nan,nan,nan,nan,nan,nan,nan,nan,nan,nan
1473074933,4,1664.0328,1673.7704,1620.2758,1661.9491,nan,nan,nan,nan,nan,nan,nan,nan,nan,nan,nan,nan
1473178945,4,1648.607,1678.394,1614.9148,1656.9113,nan,nan,nan,nan,nan,nan,nan,nan,nan,nan,nan,nan
1473278853,4,1661.0183,1668.5183,1625.972,1653.0753,nan,nan,nan,nan,nan,nan,nan,nan,nan,nan,nan,nan
1473378916,4,1656.2346,1671.9191,1627.117,1663.5471,nan,nan,nan,nan,nan,nan,nan,nan,nan,nan,nan,nan
1473485538,4,1649.6328,1672.7534,1618.5548,1669.6051,nan,nan,nan,nan,nan,nan,nan,nan,nan,nan,nan,nan
1473587931,4,1630.4059,1660.2404,1609.469,1656.204,nan,nan,nan,nan,nan,nan,nan,nan,nan,nan,nan,nan
1473687645,4,1645.9279,1662.7737,1623.0392,1670.5868,nan,nan,nan,nan,nan,nan,nan,nan,nan,nan,nan,nan
1473791745,4,1646.606,1663.3472,1615.6251,1665.722,nan,nan,nan,nan,nan,nan,nan,nan,nan,nan,nan,nan
1473892528,4,1647.4114,1666.2167,1627.8236,1658.5901,nan,nan,nan,nan,nan,nan,nan,nan,nan,nan,nan,nan
1473992533,4,1652.2263,1654.0972,1615.196,1657.8748,nan,nan,nan,nan,nan,nan,nan,nan,nan,nan,nan,nan
1474092545,4,1655.4569,1647.6543,1612.3796,1648.6741,nan,nan,nan,nan,nan,nan,nan,nan,nan,nan,nan,nan
1474196541,4,1640.1523,1663.7898,1600.8549,1643.7217,nan,nan,nan,nan,nan,nan,nan,nan,nan,nan,nan,nan
1474297890,4,1628.8295,1678.087,1576.4462,1646.6108,nan,nan,nan,nan,nan,nan,nan,nan,nan,nan,nan,nan
1474397358,4,1637.1605,1692.2635,1585.9755,1643.5175,nan,nan,nan,nan,nan,nan,nan,nan,nan,nan,nan,nan
1474501336,4,1652.8938,1672.9868,1582.5972,1637.2457,nan,nan,nan,nan,nan,nan,nan,nan,nan,nan,nan,nan
1474601334,4,1645.56,1672.985,1565.1422,1633.294,nan,nan,nan,nan,nan,nan,nan,nan,nan,nan,nan,nan
1474702135,4,1636.8384,1674.871,1570.372,1625.9633,nan,nan,nan,nan,nan,nan,nan,nan,nan,nan,nan,nan
1474806139,4,1640.1501,1663.2256,1566.7548,1627.9539,nan,nan,nan,nan,nan,nan,nan,nan,nan,nan,nan,nan
1474906188,4,1640.9132,1657.8157,1574.5149,1616.1903,nan,nan,nan,nan,nan,nan,nan,nan,nan,nan,nan,nan
1475006927,4,1638.1646,1650.9866,1551.1039,1626.456,nan,nan,nan,nan,nan,nan,nan,nan,nan,nan,nan,nan
1475110929,4,1607.0231,1670.969,1550.1849,1619.924,nan,nan,nan,nan,nan,nan,nan,nan,nan,nan,nan,nan
1475210927,4,1616.8157,1655.7802,1557.3478,1602.1272,nan,nan,nan,nan,nan,nan,nan,nan,nan,nan,nan,nan
1475310937,4,1430.6475,1503.0298,1413.0206,1380.642,nan,nan,nan,nan,nan,nan,nan,nan,nan,nan,nan,nan
1475416603,4,1302.4899,1403.0176,1247.3386,1300.4227,nan,nan,nan,nan,nan,nan,nan,nan,nan,nan,nan,nan
1475515720,4,1248.6846,1230.0592,1273.761,1353.3201,nan,nan,nan,nan,nan,nan,nan,nan,nan,nan,nan,nan
1475616637,4,1200.0,1297.8027,1231.2411,1351.1176,nan,nan,nan,nan,nan,nan,nan,nan,nan,nan,nan,nan
1475719644,4,1200.0,1297.0201,1221.5365,1361.6295,nan,nan,nan,nan,nan,nan,nan,nan,nan,nan,nan,nan
1475820586,4,1200.0,1217.1427,1313.2667,1349.5906,nan,nan,nan,nan,nan,nan,nan,nan,nan,nan,nan,nan
1475920452,4,1200.0,1209.3068,1308.5968,1362.0964,nan,nan,nan,nan,nan,nan,nan,nan,nan,nan,nan,nan
1476024539,4,1200.0,1210.4248,1307.2045,1362.3707,nan,nan,nan,nan,nan,nan,nan,nan,nan,nan,nan,nan
1476124534,4,1200.0,1210.2294,1306.34,1363.4308,nan,nan,nan,nan,nan,nan,nan,nan,nan,nan,nan,nan
1476225259,4,1200.0,1222.2767,1305.3121,1352.4111,nan,nan,nan,nan,nan,nan,nan,nan,nan,nan,nan,nan
1476325333,4,1200.0,1207.4408,1305.4421,1367.1171,nan,nan,nan,nan,nan,nan,nan,nan,nan,nan,nan,nan
1476429906,4,1200.0,1211.8042,1306.1292,1362.0665,nan,nan,nan,nan,nan,nan,nan,nan,nan,nan,nan,nan
1476529331,4,1200.0,1214.4259,1307.2076,1358.3665,nan,nan,nan,nan,nan,nan,nan,nan,nan,nan,nan,nan
1476630971,4,1200.0,1216.0256,1305.9161,1358.0582,nan,nan,nan,nan,nan,nan,nan,nan,nan,nan,nan,nan
1476734051,4,1200.0,1215.9982,1305.9888,1358.0131,nan,nan,nan,nan,nan,nan,nan,nan,nan,nan,nan,nan
1476834140,4,1200.0,1210.568,1304.049,1365.383,nan,nan,nan,nan,nan,nan,nan,nan,nan,nan,nan,nan
1476935760,4,1190.0,1190.0,1190.0,1190.0,nan,nan,nan,nan,nan,nan,nan,nan,nan,nan,nan,nan
1477038900,4,1190.0,1190.0,1190.0,1190.0,nan,nan,nan,nan,nan,nan,nan,nan,nan,nan,nan,nan
1477139958,4,1190.0,1190.0,1190.0,1190.0,nan,nan,nan,nan,nan,nan,nan,nan,nan,nan,nan,nan
1477238913,4,1190.0,1190.0,1190.0,1190.0,nan,nan,nan,nan,nan,nan,nan,nan,nan,nan,nan,nan
1477343817,4,1190.0,1190.0,1190.0,1190.0,nan,nan,nan,nan,nan,nan,nan,nan,nan,nan,nan,nan
1477444770,4,1190.0,1190.0,1190.0,1190.0,nan,nan,nan,nan,nan,nan,nan,nan,nan,nan,nan,nan
